smiles,sequence,interactions
0,0,0
1,1,0
2,2,1
3,3,0
4,4,0
5,5,0
6,6,1
7,7,0
8,8,0
9,9,0
2,10,1
10,11,1
11,12,0
12,10,1
13,13,0
14,14,0
15,15,1
16,16,1
17,17,0
18,18,0
19,19,0
20,20,0
21,21,0
22,22,0
23,23,0
24,24,0
25,25,1
26,26,1
27,27,0
28,28,1
29,26,1
30,29,0
31,30,0
32,31,0
33,32,0
34,33,0
35,34,1
36,35,0
25,36,1
37,37,0
38,38,1
2,39,1
39,39,1
40,40,0
41,41,1
42,42,1
43,43,0
44,44,0
45,45,0
46,46,0
47,47,0
48,48,0
49,49,0
50,50,0
51,51,1
52,52,1
5,53,0
53,54,1
54,55,0
55,15,1
56,15,1
57,56,0
58,15,1
59,57,1
42,58,1
28,59,1
60,60,0
61,61,0
62,62,0
19,63,0
63,10,1
64,64,1
42,65,1
65,66,0
66,15,1
67,67,1
68,68,1
69,42,1
70,69,1
71,70,0
72,71,0
73,15,1
74,72,0
75,15,1
76,73,0
77,16,1
78,74,0
79,42,1
80,75,1
81,76,1
81,77,1
82,78,0
83,15,1
84,79,0
85,80,0
81,81,1
86,10,1
35,26,1
87,42,1
88,82,0
89,29,0
90,83,0
91,84,0
92,85,0
93,42,1
94,86,0
95,87,0
96,88,1
42,42,1
97,16,1
98,89,0
99,90,0
100,38,1
101,91,0
102,92,1
103,93,0
104,94,1
105,95,0
106,42,1
76,96,0
93,97,1
107,42,1
108,98,1
109,42,1
110,39,1
2,99,1
111,100,0
35,101,1
112,102,0
113,103,0
114,104,1
115,105,0
116,106,0
2,107,1
117,108,0
118,42,1
119,54,1
120,109,0
121,110,0
122,111,0
35,112,1
123,26,1
124,113,1
125,15,1
126,114,0
127,115,0
128,116,0
129,67,1
130,117,1
131,42,1
132,118,0
133,119,0
134,120,0
135,121,1
136,122,0
81,123,1
35,124,1
2,125,1
137,42,1
138,15,1
16,126,1
139,127,0
140,128,1
141,129,1
142,130,0
143,15,1
144,131,0
145,132,1
146,133,0
147,134,0
148,135,0
35,136,1
149,137,0
150,138,0
151,139,0
152,140,0
153,141,0
154,142,0
155,143,0
156,56,0
157,144,0
158,145,0
159,42,1
160,146,0
161,147,0
162,42,1
25,148,1
163,26,1
164,98,1
165,15,1
166,11,0
167,15,1
168,149,0
169,58,1
170,150,0
171,151,1
81,152,1
172,153,1
62,154,0
107,42,1
173,155,1
174,113,0
114,156,1
175,69,1
176,42,1
177,157,0
178,42,1
179,15,1
180,158,1
181,159,0
182,160,1
2,161,1
183,15,1
184,162,0
172,163,1
185,164,0
186,165,0
187,166,1
188,26,1
189,167,1
190,168,0
191,169,1
192,170,1
193,10,1
194,105,1
195,171,1
196,172,0
197,54,0
198,173,0
199,15,1
81,174,1
200,175,0
201,176,0
117,177,0
202,178,0
203,179,1
204,180,1
205,181,0
206,182,1
207,183,0
208,184,0
107,185,1
209,186,0
210,187,0
211,188,0
212,189,1
213,190,0
214,191,0
215,61,0
216,192,0
217,193,0
218,69,1
2,194,1
66,15,1
19,111,0
2,195,1
219,196,1
220,52,1
66,15,1
221,197,0
222,26,1
223,90,0
107,198,1
224,199,1
113,200,0
225,201,0
129,202,1
226,84,1
227,203,1
81,204,1
228,205,1
229,91,0
230,206,0
35,207,1
231,208,0
232,209,0
233,210,1
234,211,0
62,212,0
235,213,1
156,214,0
236,215,0
237,216,0
238,189,1
239,217,0
240,117,0
241,218,0
242,219,1
243,220,1
244,193,0
245,221,1
246,222,1
247,223,1
19,27,0
248,51,1
136,224,0
129,225,1
35,226,1
249,26,1
172,227,1
250,228,0
107,42,1
251,229,0
252,230,0
253,231,0
254,232,1
255,15,1
256,233,0
257,234,1
42,235,1
258,236,0
259,23,0
260,140,0
261,237,1
262,238,0
263,239,1
55,15,1
264,215,0
265,240,1
266,137,0
267,241,0
268,242,0
269,243,0
270,52,1
271,244,1
272,245,0
273,177,0
274,237,1
98,246,0
275,247,0
276,248,1
277,249,0
278,42,1
279,15,1
280,250,1
281,15,1
282,26,1
283,251,0
284,252,1
285,253,0
286,254,0
130,255,1
287,256,0
288,257,0
218,15,1
289,258,0
290,259,0
93,260,1
291,251,0
145,261,1
292,262,0
293,21,0
294,142,1
295,26,1
296,42,1
297,263,0
298,264,1
81,265,1
299,266,1
300,267,0
301,268,0
302,269,0
303,270,0
2,271,1
304,272,0
305,273,0
306,26,1
81,274,1
171,275,1
307,276,1
19,277,0
308,42,1
309,39,1
310,278,0
311,27,0
312,279,0
93,65,1
313,280,0
145,281,1
314,15,1
315,282,1
316,283,1
317,284,0
318,285,0
14,286,0
319,287,1
6,42,1
320,288,0
321,289,0
322,290,0
323,174,1
324,160,1
35,239,1
19,291,0
325,292,0
326,293,0
327,193,0
328,294,1
329,15,1
330,15,1
331,295,0
332,73,0
333,296,0
35,84,1
334,222,1
335,297,0
336,298,0
337,299,0
338,300,0
111,301,0
117,302,0
339,303,0
340,304,0
95,305,0
341,306,1
2,307,1
342,298,0
343,308,0
344,309,1
83,15,1
345,219,1
123,26,1
346,310,0
347,311,0
348,148,0
349,15,1
350,15,1
258,131,0
183,266,1
351,15,1
352,312,1
353,313,1
170,314,0
354,315,0
111,316,0
129,317,1
355,318,0
356,319,0
357,182,0
358,320,0
42,321,1
35,322,1
359,323,0
360,324,0
361,325,0
362,326,0
363,327,0
364,328,0
339,329,0
106,330,1
344,10,1
35,331,1
330,15,1
180,15,1
365,332,0
99,162,0
366,287,1
367,333,1
368,334,0
81,335,1
369,336,0
370,337,0
371,338,0
372,202,0
373,339,1
374,39,1
375,340,0
376,341,1
377,342,1
378,343,0
379,344,0
380,42,1
381,15,1
382,15,1
383,345,0
384,346,0
385,347,1
386,348,0
387,349,0
342,350,0
136,55,0
388,351,0
158,352,0
389,353,0
390,15,1
391,90,1
392,354,0
2,355,1
393,38,1
394,42,1
395,15,1
396,356,0
397,357,0
398,358,0
356,359,0
399,360,1
400,361,0
401,58,0
402,15,1
403,34,1
2,362,1
404,363,0
106,364,1
405,15,1
406,365,1
310,366,0
57,48,0
81,367,1
407,368,0
408,128,1
409,369,0
410,26,1
411,370,0
307,371,1
412,30,0
413,98,1
414,372,0
415,373,0
416,374,0
417,42,1
35,375,1
35,376,1
418,377,0
2,378,1
35,379,1
35,380,1
419,381,0
342,382,0
107,383,1
420,16,1
421,384,1
422,385,0
423,386,0
424,387,0
425,388,0
161,327,0
426,227,1
81,389,1
427,15,1
428,390,1
35,391,1
429,392,0
430,393,0
218,15,1
431,134,0
432,394,0
433,26,1
434,395,0
435,396,1
436,397,0
437,15,1
2,398,1
438,232,1
439,275,1
440,399,1
441,15,1
442,42,1
107,400,1
311,401,0
138,15,1
443,402,0
444,403,0
91,404,0
445,405,1
446,406,0
156,407,0
447,408,1
448,10,1
93,409,1
449,410,1
450,288,0
451,411,0
452,412,0
453,413,0
35,414,1
19,415,0
454,15,1
455,16,0
456,10,1
457,15,1
458,416,0
459,81,0
460,417,0
461,26,1
462,418,1
463,419,1
464,15,1
81,420,1
465,421,0
35,422,1
81,423,1
161,424,0
447,88,1
264,425,0
466,426,0
35,6,1
467,427,0
81,428,1
112,429,0
468,430,0
469,312,1
429,431,0
37,432,0
2,433,1
2,67,1
470,434,1
471,435,1
472,254,0
473,230,0
59,436,1
474,201,0
475,437,0
476,438,0
477,439,0
478,440,0
479,441,0
480,442,0
481,110,0
81,170,1
482,407,0
81,42,1
117,443,0
483,215,0
484,444,0
99,445,0
485,15,1
486,446,0
339,447,0
487,448,0
69,90,1
28,339,1
76,407,0
488,266,1
489,449,0
490,69,1
491,227,1
492,450,0
126,330,0
493,451,0
494,452,0
81,453,1
495,454,1
496,455,0
497,228,0
106,414,1
269,327,0
498,456,1
499,457,1
500,268,1
81,255,1
501,458,0
502,459,0
503,145,0
504,64,1
505,460,0
506,153,1
507,365,1
508,461,0
306,26,1
509,462,0
107,327,1
510,463,0
511,464,0
512,465,0
80,466,1
513,467,0
514,468,0
515,94,1
516,469,0
517,15,1
518,275,1
519,143,0
193,470,1
520,137,0
521,15,1
522,239,1
502,471,0
388,472,0
523,473,0
524,68,1
525,15,1
526,474,0
527,475,0
35,476,1
528,233,0
529,42,1
530,36,0
531,477,0
532,478,0
533,15,1
534,479,0
35,480,1
535,481,1
536,26,1
464,15,1
537,365,1
538,482,0
539,15,1
540,88,1
541,64,1
122,483,0
542,484,0
68,485,1
77,486,1
2,487,1
543,488,0
544,98,1
121,489,0
545,169,1
171,490,1
81,491,1
546,492,0
81,493,1
547,254,0
485,15,1
37,332,0
548,494,1
2,153,1
549,495,0
550,496,1
129,497,1
551,498,0
552,499,0
509,500,0
553,26,1
554,501,0
555,502,0
35,142,1
308,42,1
556,246,0
557,15,1
25,503,1
73,15,1
90,504,0
558,15,1
339,505,0
559,69,0
2,506,1
560,507,0
561,508,0
562,509,0
506,195,1
563,510,0
35,511,1
564,512,0
107,42,1
355,513,0
565,514,1
566,515,1
77,16,1
81,516,1
567,517,0
202,518,0
568,38,1
81,519,1
35,520,1
490,69,1
569,26,1
570,521,0
571,522,0
572,523,0
573,524,0
574,515,1
575,525,0
576,227,1
577,526,1
578,16,0
579,470,1
580,527,0
581,528,0
582,94,1
204,529,1
583,530,0
128,531,0
584,489,0
585,532,0
586,315,0
587,533,0
448,534,1
480,535,0
588,536,0
589,537,1
590,393,0
591,538,0
35,539,1
299,15,1
592,540,1
81,541,1
593,262,0
25,542,1
594,312,1
355,543,0
595,330,1
596,544,1
597,545,0
598,546,1
599,547,1
600,244,1
82,548,0
35,549,1
601,550,0
81,551,1
602,434,1
330,15,1
603,552,0
604,553,0
222,26,1
605,218,0
606,15,1
88,554,0
392,555,0
607,15,1
330,15,1
608,15,1
2,68,1
609,84,1
610,556,1
611,196,1
612,258,0
43,557,0
613,10,1
614,558,0
81,559,1
6,560,1
339,561,0
130,562,1
615,563,0
517,15,1
616,389,1
373,564,1
8,554,0
617,565,1
618,142,0
619,566,1
264,567,0
620,568,0
621,370,0
622,42,1
35,330,1
623,569,1
35,42,1
624,337,0
625,570,0
493,571,0
171,400,1
626,572,0
402,15,1
627,573,0
628,574,0
629,15,1
2,575,1
630,266,1
631,158,1
101,110,0
632,576,1
633,540,0
634,163,0
635,577,1
463,578,1
300,106,0
509,579,0
35,394,1
636,580,0
637,581,1
638,26,1
412,582,0
639,583,0
640,281,1
641,584,0
642,585,0
643,586,0
644,587,0
645,184,0
646,15,1
81,588,1
129,42,1
2,589,1
647,227,1
648,590,1
2,591,1
649,592,0
650,593,1
651,594,0
652,301,0
653,322,0
654,508,0
655,403,0
656,257,0
657,595,1
99,596,0
2,67,1
145,283,1
658,42,1
659,597,0
660,598,0
596,88,1
437,15,1
81,599,1
437,15,1
661,266,1
662,600,0
239,601,0
6,602,1
663,158,1
664,603,0
665,604,1
597,605,0
666,606,0
261,607,1
515,608,1
667,42,1
668,544,1
669,609,0
670,579,0
391,566,1
671,42,1
276,610,1
672,39,0
673,611,0
35,185,1
674,241,0
2,612,1
202,613,0
675,312,1
676,614,1
99,615,0
81,616,1
677,42,1
678,617,0
2,64,1
679,42,1
114,473,1
673,351,0
597,618,0
680,619,0
681,15,1
682,10,1
683,620,0
35,42,1
684,15,1
442,42,1
685,621,0
479,434,0
329,232,1
276,622,1
449,42,1
686,623,0
687,187,0
688,624,0
689,625,1
159,327,1
690,480,1
166,626,0
691,508,0
651,538,0
692,627,0
223,628,0
640,629,1
129,630,1
81,148,1
693,444,0
694,631,1
674,632,0
81,633,1
85,634,0
695,635,1
696,96,0
697,636,0
698,392,0
597,637,0
699,638,0
81,639,1
700,640,1
325,518,0
701,42,1
702,303,0
387,641,0
333,642,0
703,511,0
22,440,0
704,643,0
705,644,0
706,645,0
35,646,1
707,15,1
708,35,0
709,647,1
44,257,0
710,554,0
2,2,1
711,648,0
712,649,0
646,15,1
713,15,1
714,650,0
715,207,1
716,26,1
518,254,1
35,312,1
405,15,1
717,651,0
81,81,1
2,652,1
718,653,0
719,654,0
720,26,1
61,655,0
721,656,0
722,531,0
723,657,0
81,658,1
724,111,1
725,659,0
726,660,0
727,661,1
69,264,1
190,650,0
728,566,1
729,662,0
730,39,1
35,663,1
81,664,1
731,505,0
581,665,0
732,666,0
123,26,1
733,667,0
734,668,0
36,669,0
2,670,1
735,537,1
231,671,0
42,185,1
35,593,1
80,312,1
59,672,1
736,673,0
2,658,1
737,508,0
738,674,1
547,210,0
739,69,1
554,322,0
2,124,1
493,675,0
35,170,1
740,676,0
373,677,1
741,535,0
491,227,1
742,678,0
743,15,1
744,679,0
42,198,1
745,680,0
739,266,1
746,681,0
700,608,1
556,682,0
493,683,0
119,684,1
747,685,0
369,686,0
366,687,1
674,30,0
163,688,1
748,689,1
749,690,0
35,167,1
454,15,1
750,195,0
751,98,1
752,587,0
753,472,0
754,98,1
114,691,1
579,692,1
755,657,0
756,15,1
670,693,0
546,211,0
757,694,0
745,511,0
441,15,1
758,526,0
448,640,1
88,695,0
759,98,1
760,696,0
42,697,1
130,42,1
761,698,0
762,668,0
763,290,0
35,699,1
764,700,0
447,701,1
765,702,1
766,703,1
147,704,0
81,38,1
767,15,1
768,705,0
769,706,0
90,707,0
770,708,0
771,42,1
2,709,1
695,710,1
679,711,1
81,239,1
391,367,1
2,712,1
772,713,0
145,714,1
773,715,0
774,177,0
277,716,0
775,717,0
776,15,1
777,275,1
563,718,0
778,495,0
624,719,0
447,720,1
735,98,1
779,15,1
391,721,1
780,722,0
781,723,1
145,724,1
782,39,1
474,725,0
427,15,1
783,726,1
784,64,1
465,727,0
785,367,0
786,15,1
787,26,1
788,728,0
789,15,1
468,88,0
35,330,1
28,42,1
790,15,1
791,729,0
792,730,0
793,395,0
794,90,0
795,382,0
796,202,1
797,26,1
35,731,1
798,732,1
799,733,0
800,734,0
801,535,0
802,512,0
803,735,1
804,736,0
35,737,1
81,738,1
251,668,0
805,739,0
806,15,1
807,708,0
808,740,0
809,374,0
35,223,1
810,732,1
811,268,1
812,38,1
401,377,0
124,113,1
813,508,0
814,328,0
713,15,1
815,741,0
816,23,1
35,742,1
107,390,1
42,42,1
817,743,0
818,350,0
147,309,0
127,744,0
819,745,0
820,746,0
821,525,0
822,747,0
19,748,0
823,178,0
114,749,1
824,275,1
696,521,0
825,254,1
35,750,1
826,401,0
93,120,1
148,751,0
563,752,0
42,275,1
264,753,0
827,754,0
828,755,0
829,756,0
830,757,0
831,52,1
258,382,0
276,503,1
137,566,1
2,26,1
832,537,1
833,758,1
834,91,0
835,42,1
836,759,0
19,267,0
2,132,1
837,42,1
2,545,1
106,760,1
838,761,0
139,762,0
839,15,1
840,10,1
841,39,1
264,763,0
0,764,0
319,765,1
678,245,0
556,766,0
842,10,1
106,767,1
843,768,0
35,769,1
844,158,1
815,770,0
845,42,1
846,128,1
156,771,0
847,207,1
35,772,1
848,773,0
627,708,0
849,774,0
579,15,1
850,775,0
80,603,1
851,776,0
172,777,1
77,16,1
852,407,0
853,98,1
28,642,1
854,778,1
855,647,1
856,440,0
857,268,1
858,318,0
859,779,0
44,458,0
860,624,0
861,244,1
862,778,1
581,780,0
573,469,0
863,162,0
864,781,0
865,782,0
166,783,0
110,39,1
866,784,0
867,365,1
868,529,0
604,785,0
869,786,0
870,787,0
373,788,1
4,789,0
871,140,0
231,790,0
4,791,0
872,418,0
873,792,0
172,793,1
874,227,1
93,383,1
875,279,1
180,15,1
876,282,1
877,794,0
878,795,0
16,796,1
2,658,1
595,797,1
879,747,0
2,798,1
880,799,0
881,800,0
882,801,1
883,580,0
884,694,0
624,802,0
885,803,0
886,804,0
887,26,1
888,805,0
889,806,0
35,807,1
890,254,1
472,15,1
112,596,0
891,69,1
383,533,0
765,591,1
81,182,1
62,808,0
892,38,1
893,661,0
93,65,1
515,667,1
340,87,0
161,809,0
81,167,1
81,810,1
531,811,0
894,812,0
81,813,1
895,32,0
896,275,1
897,347,1
740,273,0
898,244,1
899,10,1
591,814,0
900,815,1
42,275,1
901,240,1
284,294,1
902,496,1
903,285,0
556,63,0
904,15,1
905,42,1
2,816,1
391,275,1
883,817,0
292,818,0
860,819,0
906,196,1
907,369,0
908,820,0
395,15,1
81,821,1
671,42,1
70,15,1
909,822,0
910,823,0
911,118,0
81,824,1
35,825,1
442,560,1
363,299,0
912,104,1
172,826,1
913,799,0
914,827,1
915,472,0
916,604,0
190,828,0
917,829,1
918,830,0
919,566,1
920,831,0
921,165,0
922,306,0
923,15,1
924,324,1
925,832,0
926,343,0
927,15,1
928,833,0
913,834,0
407,835,0
929,106,0
391,275,1
930,88,1
896,836,1
931,837,0
23,372,0
932,838,0
19,839,0
147,248,0
698,840,0
933,841,0
934,39,1
35,842,1
130,155,1
258,597,0
705,166,0
6,42,1
145,10,1
106,843,1
2,844,1
935,845,1
936,71,0
937,846,1
938,847,0
939,52,1
307,42,1
940,848,0
66,15,1
328,86,1
93,849,1
2,850,1
941,658,1
942,309,1
680,851,0
943,852,1
35,853,1
944,854,0
945,855,0
946,856,0
947,857,0
442,264,1
412,858,0
19,859,0
517,15,1
112,253,0
896,42,1
646,15,1
519,19,0
81,860,1
948,861,0
949,42,1
950,498,0
951,862,1
48,863,0
2,864,1
35,865,1
952,283,1
953,56,1
954,821,1
412,781,0
405,15,1
204,866,1
955,214,0
81,867,1
608,15,1
127,868,0
956,869,0
957,15,1
958,870,0
959,42,1
652,42,1
960,871,0
961,753,0
2,872,1
962,873,0
99,874,0
963,15,1
552,875,0
964,312,1
130,876,1
19,877,0
965,878,0
574,566,1
966,393,0
967,190,0
968,188,0
42,879,1
658,15,1
969,31,0
437,15,1
817,521,0
442,880,1
820,881,0
970,431,0
971,131,0
167,15,1
35,882,1
972,883,0
973,884,0
974,885,0
975,42,1
673,886,0
2,271,1
275,887,0
865,888,0
579,889,1
579,890,1
35,281,1
976,891,0
81,892,1
402,266,1
977,893,0
978,309,1
962,774,0
979,894,0
980,283,1
981,491,1
982,260,1
107,889,1
81,895,1
6,515,1
2,896,1
983,168,0
81,658,1
984,494,1
985,897,0
2,898,1
55,15,1
81,398,1
787,26,1
986,426,0
19,899,0
987,26,1
204,900,1
792,557,0
988,901,0
83,15,1
379,902,0
54,903,0
485,15,1
989,904,0
990,15,1
659,905,0
815,452,0
991,906,0
607,674,1
992,366,0
993,112,1
994,805,0
995,753,0
996,215,0
997,15,1
275,114,0
19,584,0
998,795,0
999,232,1
1000,732,1
1001,907,0
1002,908,1
851,133,0
1003,909,1
1004,26,1
1005,515,1
35,910,1
1006,64,1
391,275,1
156,911,0
1007,251,0
1008,862,1
1009,60,0
1010,912,1
1011,913,0
1012,677,1
982,275,1
957,15,1
35,914,1
173,260,1
1013,915,0
1014,509,0
1015,732,0
1016,130,0
1017,650,0
896,42,1
231,916,0
1018,324,1
80,917,1
1019,429,0
35,918,1
607,15,1
1020,685,1
889,919,0
81,920,1
485,15,1
145,921,1
107,922,1
93,42,1
1021,923,0
948,924,0
1022,925,0
1023,926,0
976,717,0
428,927,1
81,928,1
560,929,0
557,15,1
765,125,1
966,273,0
95,329,0
1024,753,0
1025,930,0
1026,931,0
856,932,0
1027,219,0
1028,17,0
1029,933,0
1030,934,1
1031,503,1
1032,859,1
145,866,1
98,851,0
114,777,1
390,15,1
750,935,0
1033,268,1
1034,240,1
1035,293,0
608,15,1
107,936,1
1036,15,1
90,324,0
1037,418,0
980,647,1
1038,508,0
137,937,1
106,207,1
1039,94,1
204,938,1
81,658,1
120,187,0
1040,939,0
81,940,1
81,237,1
1041,10,1
127,291,0
613,941,1
348,367,0
93,275,1
468,942,0
358,288,0
1042,463,1
468,694,0
1043,15,1
455,943,0
167,15,1
1044,944,0
339,945,0
1045,442,0
1046,42,1
618,946,0
579,167,1
1047,947,0
502,839,0
347,948,0
62,949,0
123,26,1
547,950,0
305,951,0
1048,952,1
1049,732,1
1050,598,0
145,953,1
936,349,0
42,541,1
1051,15,1
311,954,0
1052,279,0
1053,222,0
1054,955,0
412,753,0
982,42,1
114,956,1
1055,42,1
1056,215,0
728,42,1
1057,282,0
830,193,0
431,957,0
1058,958,1
1059,959,0
1060,960,0
1061,26,1
1062,961,0
284,777,1
35,213,1
117,233,0
172,962,1
35,2,1
81,204,1
93,275,1
604,416,0
748,58,1
531,963,0
35,294,1
1063,42,1
1064,964,0
1065,38,1
1066,10,1
747,6,0
19,965,0
1067,966,0
204,223,1
81,967,1
1068,141,0
447,39,1
107,42,1
264,968,0
952,220,1
673,27,0
1069,10,1
1070,601,0
722,969,0
42,42,1
99,163,0
442,42,1
1071,275,1
889,970,0
356,971,0
1072,972,0
1073,15,1
498,389,1
35,216,1
62,392,0
1074,457,1
1075,973,0
2,974,1
127,894,0
985,975,0
1076,976,1
27,977,0
1077,290,0
606,15,1
621,978,0
1078,142,0
398,979,0
1079,166,0
297,345,0
106,629,1
569,688,1
1080,508,0
1000,732,1
681,15,1
1081,980,0
599,981,1
1082,42,1
754,98,1
851,594,0
117,159,0
93,982,1
722,983,0
658,42,1
129,984,1
1083,416,0
1051,15,1
1084,809,0
646,15,1
354,725,0
483,985,0
1085,986,0
358,279,0
1086,987,0
712,988,0
1087,673,0
1088,128,1
23,211,0
1089,565,1
1090,844,0
107,989,1
1091,778,1
1092,783,0
2,990,1
289,991,0
1093,992,0
138,15,1
2,496,1
231,993,0
1094,26,1
1095,202,1
621,994,0
1096,995,0
1097,533,0
1098,996,0
35,864,1
555,245,0
720,26,1
1099,997,1
1100,269,0
688,998,0
556,84,0
1101,821,1
599,248,1
1102,15,1
1103,867,1
557,15,1
136,839,0
529,42,1
1066,737,1
277,999,0
718,1000,0
5,1001,0
1104,809,0
81,1002,1
1105,1003,0
1106,51,1
276,10,1
196,1004,0
145,1005,1
558,15,1
81,1006,1
1107,1007,0
42,390,1
35,1008,1
1108,115,0
166,586,0
890,42,1
579,221,1
1109,251,0
1110,511,0
1111,294,1
1112,105,0
1113,1009,0
81,1010,1
19,1011,0
2,1012,1
81,1013,1
244,1014,0
1114,831,0
197,978,0
1115,608,0
629,15,1
1116,1015,1
1117,998,0
73,674,1
1118,42,1
145,1016,1
44,1017,0
1119,1018,0
1120,430,0
1121,1019,1
728,1020,1
1122,306,0
2,732,1
365,495,0
81,125,1
579,42,1
1123,419,0
100,1021,1
1124,1022,0
35,1023,1
1125,324,1
424,1024,0
1126,1025,0
465,1026,0
394,202,1
80,1027,1
1127,15,1
1128,1028,0
624,1029,0
1129,1003,0
1130,1030,0
1131,763,0
743,1031,1
1132,1032,0
1133,15,1
1097,255,0
1134,1033,0
275,668,0
1135,1034,0
1136,1004,0
1022,1035,0
1137,1036,0
748,260,1
337,1037,0
301,1038,0
1138,26,1
1139,1039,0
172,559,1
1140,103,0
1141,170,1
1142,1040,0
1143,26,1
295,26,1
2,1041,1
363,1042,0
277,1043,0
895,779,0
1144,220,1
2,843,1
81,664,1
1145,1044,0
1146,743,0
2,1045,1
1147,283,1
35,1046,1
1148,1047,0
1149,1048,0
983,668,0
1150,1049,0
5,770,0
1151,1050,0
244,1051,0
1152,19,0
2,28,1
839,15,1
35,277,1
1153,1052,0
1154,1053,1
1155,759,0
851,290,0
1156,959,0
1157,1054,0
1158,164,0
750,443,0
1159,1055,0
987,26,1
1160,1056,0
127,1057,0
1161,25,0
1162,469,0
1163,316,0
1164,627,0
1165,1058,0
773,1059,0
1166,815,1
556,858,0
634,1060,0
1167,1061,0
35,123,1
199,266,1
81,1062,1
1168,1063,0
1169,15,1
1170,15,1
218,15,1
1171,128,1
276,1064,1
98,672,0
1172,1065,0
1173,889,1
1174,52,0
114,1066,1
820,0,0
1175,406,0
1176,33,0
1117,1067,0
400,1049,0
107,42,1
547,851,0
1177,26,1
412,1068,0
2,90,1
1178,1069,0
1179,282,1
1180,196,1
1181,64,1
409,894,0
1048,953,1
508,478,0
2,1070,1
19,874,0
1182,511,0
290,585,0
1183,25,0
628,1071,0
1184,1072,1
2,1073,1
35,1074,1
1185,15,1
31,1075,0
515,941,1
81,1002,1
106,156,1
1014,1076,0
1186,303,0
1187,1077,0
804,314,0
802,1078,0
1188,349,0
35,1079,1
1189,1080,0
93,42,1
81,1081,1
1001,1082,0
379,29,0
477,1083,0
875,1084,1
792,1085,0
1190,1086,0
421,1087,1
2,1088,1
590,1089,0
442,602,1
1191,1065,0
424,60,0
35,778,1
198,992,0
1192,1090,0
109,602,1
1193,1036,0
821,1091,0
387,1092,0
75,15,1
1194,1093,0
81,260,1
1195,15,1
797,26,1
2,872,1
1196,1094,0
35,1095,1
515,791,1
80,1096,1
171,275,1
1197,654,0
107,275,1
385,647,1
720,26,1
447,42,1
1198,789,0
81,1097,1
109,42,1
1003,2,1
659,1098,0
1199,42,1
1139,1099,0
1200,634,0
81,1100,1
787,26,1
1201,42,1
1200,518,0
1187,1101,0
718,1102,0
952,1103,1
2,953,1
1202,15,1
1192,585,0
35,1104,1
1203,98,1
1204,1105,0
1205,943,0
1206,347,1
1207,192,0
1208,1106,0
258,1107,0
493,753,0
81,42,1
2,1108,1
1209,454,1
35,941,1
1210,596,0
59,952,1
1211,1109,0
1066,39,1
93,371,1
2,307,1
382,15,1
369,643,0
1212,1110,0
81,312,1
73,15,1
32,727,0
1213,1111,0
1214,451,0
2,1060,1
1215,1112,0
1216,275,1
69,1020,1
1217,577,1
1218,26,1
114,380,1
382,15,1
35,1113,1
1219,736,0
530,186,0
1220,1114,0
1221,1115,0
424,1116,0
251,431,0
728,560,1
1222,306,1
299,365,1
132,251,0
1223,15,1
35,1117,1
180,15,1
1224,1052,0
1129,1118,0
1225,737,1
321,262,0
81,1119,1
81,1120,1
1226,604,1
676,1121,1
1227,1122,1
324,1123,1
471,227,1
1228,1124,0
624,1125,0
1229,52,1
1230,1126,0
1231,441,0
35,747,1
1232,856,0
938,1127,0
1233,1128,0
1234,1129,1
2,1130,1
1235,86,1
1210,963,0
81,130,1
657,129,1
1236,359,0
1237,1131,0
348,245,0
35,365,1
145,1132,1
81,1133,1
856,933,0
409,1134,0
1238,418,0
1239,815,1
1240,1135,0
375,135,0
319,279,1
1241,1136,0
508,1137,0
480,19,0
636,555,0
324,1138,1
1242,587,0
508,1139,0
860,411,0
415,1140,0
35,976,1
1243,365,1
1244,1141,1
1245,500,0
489,604,0
1223,15,1
1246,1142,0
2,1143,1
385,15,1
81,1144,1
1247,967,1
1248,333,1
1249,815,1
1250,801,1
735,98,1
1251,92,1
1252,38,1
742,628,0
1253,1145,0
845,42,1
1218,688,1
982,42,1
827,321,0
1254,1146,0
1255,54,1
748,889,1
856,517,0
35,1147,1
1256,1148,0
1257,1149,0
1258,177,0
1259,778,0
705,1150,0
1260,227,1
242,42,1
19,1151,0
302,854,0
1261,312,1
35,1152,1
696,1153,0
144,391,0
1262,1154,0
649,1155,0
825,42,1
2,39,1
274,801,1
81,1156,1
1263,247,0
1264,308,0
32,966,0
35,34,1
1265,556,1
186,1157,0
1073,15,1
595,1158,1
1266,42,1
1267,42,1
1268,687,1
239,1159,0
778,1160,0
2,1161,1
25,1162,1
1269,247,0
1270,266,1
289,354,0
809,828,0
1271,1163,0
172,223,1
628,212,0
1272,268,1
1273,42,1
878,368,0
1274,429,0
1275,10,1
1276,632,0
35,1164,1
111,1165,0
1277,179,1
35,496,1
1278,545,0
35,1166,1
1279,168,0
35,1167,1
463,984,1
586,985,0
35,1168,1
1280,1169,0
1281,42,1
1280,45,0
679,275,1
498,362,1
274,98,1
2,1170,1
1282,114,0
1283,718,0
1284,15,1
1285,1046,1
2,1034,1
91,1171,0
35,88,1
1286,1172,0
137,1173,1
1287,1000,0
1288,210,0
1289,200,0
1290,1174,0
1291,515,1
1292,1175,0
1293,1176,0
81,1177,1
556,1178,0
54,1179,0
1294,10,1
1245,1180,0
272,957,0
1295,15,1
1183,1181,0
702,899,0
1296,192,0
176,1182,1
515,667,1
1297,293,0
1298,15,1
1299,370,0
1248,422,1
1300,239,1
2,275,1
35,741,1
945,366,0
1163,584,0
117,1068,0
1301,15,1
700,934,1
945,1183,0
2,1184,1
947,1185,0
156,1186,0
405,15,1
1302,98,1
382,15,1
1303,572,0
851,504,0
1210,479,0
502,899,0
324,1187,1
1304,275,1
1305,1188,0
1306,202,1
702,1189,0
746,1190,0
35,64,1
1307,15,1
171,1191,1
1308,312,1
627,1192,0
1309,195,0
1310,293,0
1311,93,0
1312,413,0
1313,828,0
732,326,0
1314,38,1
1315,647,1
1316,15,1
2,26,1
1317,1193,0
1318,963,1
1319,460,0
1320,103,0
1066,1194,1
1321,456,1
1322,1195,0
405,15,1
1323,1196,0
412,1197,0
1324,1198,0
1325,1199,0
1326,1043,1
1327,47,0
878,597,0
35,1132,1
35,1072,1
1328,1200,0
42,59,1
1029,1200,0
81,658,1
493,410,0
1329,1201,0
62,324,0
165,26,1
35,311,1
1330,1095,0
1331,510,0
1332,372,0
81,922,1
1333,239,1
648,481,1
1334,1202,0
694,1203,1
2,658,1
276,1204,1
35,1166,1
875,275,1
1335,1107,0
81,692,1
448,10,1
1336,1205,0
394,67,1
94,220,0
748,260,1
1337,1097,1
1338,1055,0
1339,42,1
1340,1151,0
1341,41,0
1342,275,1
728,1206,1
109,42,1
197,95,0
1343,1207,0
471,1208,1
1344,1209,0
1345,98,1
447,810,1
1346,160,0
2,1210,1
1347,687,1
442,42,1
2,25,1
1348,1211,0
1349,247,0
342,672,0
85,1039,0
136,1212,0
54,1213,0
884,1214,0
825,42,1
368,932,0
180,15,1
1350,1215,0
80,1216,1
1089,15,1
35,414,1
35,1217,1
1351,16,1
81,1002,1
1352,1218,0
68,485,1
1353,620,0
93,1219,1
238,658,1
927,15,1
1059,1220,0
1029,899,0
1354,69,1
1355,52,1
462,910,1
474,57,0
42,42,1
2,1221,1
1356,343,0
1357,1149,0
640,542,1
1358,240,1
1359,727,0
1360,1222,0
42,1223,1
272,195,0
78,23,1
493,1224,0
780,1225,0
1361,344,0
1167,596,0
370,410,0
1362,1226,0
35,778,1
1363,266,1
1364,732,1
1021,268,0
35,1227,1
225,995,0
520,1228,0
628,63,0
35,1229,1
99,415,0
2,1230,1
2,491,1
1365,1231,0
1366,223,1
1367,220,1
1017,905,0
1368,1232,0
1369,15,1
1370,1233,0
1371,758,0
1372,1234,0
1373,362,0
1374,254,0
479,766,0
1321,324,1
1375,98,1
1376,10,1
1377,934,0
1113,782,0
132,1235,0
1378,568,1
827,1099,0
1019,1102,0
1349,1236,0
558,15,1
1379,1237,0
19,1238,0
1380,613,1
1381,457,1
1086,128,0
42,593,1
1382,630,0
1383,503,0
35,1087,1
1384,519,0
462,1227,1
2,1239,1
1385,922,1
1386,42,1
1387,1240,1
1388,1193,0
1389,1241,0
597,955,0
81,324,1
1269,715,0
882,98,1
55,15,1
19,1242,0
171,42,1
1390,15,1
1391,39,1
166,906,0
535,1243,1
928,668,0
2,658,1
1392,365,1
1393,172,0
1394,457,1
1395,821,1
312,293,0
1396,45,1
2,767,1
167,15,1
1397,1244,0
1224,1245,0
914,333,1
883,703,0
212,341,1
2,1246,1
1045,613,0
81,1247,1
81,1248,1
1398,1249,0
107,42,1
1399,908,0
1400,268,1
1401,755,0
1402,1250,0
35,1008,1
1403,1080,0
777,90,1
641,1080,0
261,125,1
1404,1003,1
748,1251,1
809,1102,0
1405,875,0
1406,1252,0
1407,1253,0
312,192,0
567,755,0
878,202,0
1408,434,0
695,42,1
60,1129,0
81,1254,1
1373,667,0
1409,1054,0
431,676,0
579,142,1
1410,26,1
1019,1255,0
35,10,1
256,1256,0
1411,414,1
676,1257,1
1412,991,0
419,1258,0
748,652,1
1368,25,0
1413,650,0
1414,220,1
1415,1259,0
1416,1260,0
495,1261,1
46,388,0
136,1262,0
2,1263,1
1360,257,0
40,625,0
1126,1262,0
728,42,1
1417,240,1
1418,306,0
1419,26,1
114,1264,1
11,1007,0
81,1265,1
1420,407,0
1421,15,1
1422,470,0
1423,16,1
1424,1266,0
1425,674,0
451,486,0
1426,1031,1
1427,203,1
1428,299,1
308,167,1
1347,279,1
1429,1121,1
1430,42,1
1431,64,1
137,42,1
732,374,0
508,1267,0
137,1173,1
211,351,0
982,42,1
1432,1268,0
276,1269,1
1433,608,1
106,1270,1
272,1271,0
1434,3,0
1435,1272,0
728,42,1
106,312,1
628,1273,0
466,1274,0
1436,815,1
976,894,0
765,1275,1
1403,1276,0
1437,332,0
81,658,1
329,15,1
1438,1173,1
1439,88,1
81,1004,1
1316,15,1
1384,15,1
714,116,0
1440,1277,0
1110,392,0
42,936,1
40,133,0
1441,574,0
1442,1244,0
1443,42,1
61,1278,0
676,178,1
1104,1279,0
1444,490,1
592,391,1
225,1280,0
454,15,1
466,525,0
1445,416,0
748,99,1
1015,1281,0
172,1282,1
81,1283,1
93,390,1
697,1284,0
1119,1285,0
865,954,0
1446,365,1
1447,1286,1
1448,42,1
493,143,0
802,72,0
1449,10,1
1450,929,0
679,275,1
167,15,1
765,234,1
913,1287,0
518,410,1
137,235,1
825,339,1
442,560,1
1451,542,1
597,1288,0
1452,115,0
1453,365,1
1454,747,0
1455,1289,0
1456,676,0
35,1166,1
312,429,0
569,26,1
1371,1290,0
106,222,1
1457,42,1
35,484,1
658,952,1
1057,178,0
69,1254,1
1458,1291,0
1066,1292,1
1459,1293,0
914,927,1
391,151,1
1460,945,0
1461,1146,0
204,1294,1
59,1295,1
324,1096,1
1462,1296,0
1463,223,1
66,15,1
1464,42,1
272,1297,0
5,837,0
1395,15,1
1465,1298,0
1466,693,0
608,15,1
1467,120,0
927,15,1
1468,778,1
54,1299,0
1104,1300,0
1469,1279,0
509,932,0
1470,1301,0
172,26,1
35,92,1
204,529,1
114,473,1
982,1302,1
433,26,1
1471,16,1
1472,147,0
1473,1303,0
1474,1021,1
42,410,1
1475,64,1
204,26,1
1410,26,1
670,751,0
130,1304,1
1476,1305,1
1477,1306,0
183,15,1
146,919,0
954,562,1
1478,674,1
1352,1307,0
639,23,0
1479,365,1
2,953,1
156,142,0
901,240,1
597,1308,0
1480,207,1
1481,1183,0
508,1309,0
183,15,1
437,266,1
261,646,1
1482,1310,0
1483,515,1
277,238,0
1484,1311,0
2,1312,1
1156,507,0
1485,1313,0
1015,60,0
1486,443,0
1487,444,0
35,1314,1
81,127,1
634,130,0
2,1315,1
2,892,1
281,15,1
387,1316,0
1488,900,0
1489,341,1
708,1145,0
35,1317,1
706,741,1
412,177,0
878,350,0
1490,585,0
272,223,0
375,175,0
19,1318,0
896,65,1
1491,683,0
1492,1319,0
1493,1320,0
35,16,1
1494,15,1
1372,719,0
2,299,1
1495,1227,1
80,958,1
1496,94,1
1022,888,0
1497,220,1
803,39,1
35,629,1
341,1321,1
1210,334,0
1498,239,1
1499,1322,0
1500,15,1
1501,1323,0
1502,889,1
2,1324,1
1503,10,1
272,286,0
424,1325,0
1504,538,0
360,1326,0
483,114,0
2,1327,1
1505,1328,1
1506,947,0
252,1329,0
2,1330,1
1507,94,1
81,1331,1
1508,128,1
147,401,0
106,810,1
804,806,0
888,735,0
1004,26,1
35,1332,1
700,788,1
204,84,1
679,58,1
624,1333,0
464,15,1
1509,1334,0
1510,632,0
215,1131,0
1511,42,1
165,688,1
511,1335,0
1512,1075,0
1513,240,1
1514,309,1
1515,414,1
1516,42,1
35,26,1
1517,385,0
1394,457,1
2,1336,1
1518,1337,0
1519,42,1
342,696,0
544,98,1
1263,114,0
1520,1338,0
1247,1046,1
35,132,1
1521,98,1
804,1339,0
81,658,1
1522,73,0
1523,365,1
1524,1021,1
1525,1340,0
606,15,1
825,59,1
2,496,1
896,42,1
1526,587,0
1527,1341,0
2,1342,1
1528,1132,1
2,1343,1
1529,815,1
1530,554,0
81,125,1
412,1171,0
1311,1209,0
1531,308,0
1532,51,1
81,1344,1
671,42,1
1533,232,1
1534,1345,0
1535,312,1
1536,1346,0
1537,508,0
81,1347,1
1538,1348,0
1539,201,0
23,1349,0
474,1350,0
1540,1351,0
1541,1202,0
967,822,0
1542,1352,0
81,1097,1
1543,38,1
1544,1065,0
1545,619,0
147,1353,0
556,1354,0
392,130,0
579,15,1
1546,134,0
1547,270,0
194,1173,1
346,601,0
117,1355,0
81,237,1
1548,42,1
1549,1356,0
81,56,1
1215,350,0
199,69,1
35,1357,1
1550,15,1
1551,653,0
624,219,0
1552,555,0
1553,42,1
896,97,1
1554,1328,1
1555,1059,0
15,15,1
483,358,0
1534,293,0
613,10,1
1556,1358,0
860,934,0
1557,434,1
1558,623,0
35,1359,1
422,1360,0
1559,444,0
1560,996,0
1561,1361,0
1562,365,1
402,15,1
1563,1362,0
35,1363,1
630,15,1
56,15,1
748,575,1
1165,1232,0
1564,15,1
354,372,0
129,1021,1
439,264,1
299,15,1
822,1364,0
1565,88,1
1566,15,1
163,26,1
1165,1049,0
1567,166,1
113,1137,0
81,42,1
1568,1365,0
390,15,1
1569,457,1
1570,1366,0
419,1105,0
851,756,0
1479,244,1
1166,112,1
683,1367,0
825,697,1
441,266,1
1571,1208,1
1572,1368,0
35,629,1
1573,1031,0
878,1293,0
1382,937,0
1168,1369,0
93,42,1
496,1370,0
35,380,1
700,1371,1
1574,1372,1
1575,1373,0
1576,15,1
1577,26,1
1578,42,1
1579,808,0
742,1121,0
748,1374,1
81,333,1
107,1173,1
1580,244,1
508,82,0
1581,1375,0
1582,312,1
1233,690,0
1583,365,1
1584,1376,0
714,1114,0
1577,26,1
35,1377,1
1585,742,1
1586,276,1
412,1209,0
1587,23,0
330,15,1
894,1378,0
684,42,1
1588,1379,0
1589,15,1
1590,930,0
354,938,0
1591,66,0
1504,1226,0
1592,1380,0
402,15,1
931,1381,0
579,58,1
1593,508,0
1594,1382,0
546,598,0
748,51,1
1595,1359,0
1367,220,1
639,1338,0
137,42,1
1151,1383,0
1596,1021,1
1368,820,0
1392,1382,0
317,161,0
1597,129,1
385,158,1
1598,1384,0
1599,1024,1
673,445,0
1600,1385,0
349,15,1
1493,1328,0
1444,266,1
466,424,0
827,51,0
14,357,0
1601,1386,0
983,1387,0
1602,69,0
80,1388,1
35,1389,1
1603,1390,0
1604,1391,0
1605,266,1
77,486,1
1606,387,0
1607,537,1
888,316,0
81,1392,1
1137,561,0
1415,1393,0
47,975,0
107,42,1
129,1394,1
1608,881,0
1609,1395,0
1062,1396,0
1610,134,0
1611,531,0
1612,1397,1
1613,1015,0
1614,94,1
1517,503,0
1113,913,0
1615,83,0
1616,1398,0
137,42,1
1617,732,0
468,1399,0
136,211,0
637,1400,1
1618,342,1
272,14,0
586,1027,0
1619,1375,0
80,1401,1
1620,84,1
2,843,1
281,15,1
1345,98,1
1621,984,1
1622,1402,1
178,515,1
963,69,1
1623,365,1
311,325,0
1624,26,1
81,1403,1
1625,1404,0
1626,572,0
1627,955,0
1628,1129,1
875,627,1
1345,98,1
1629,764,0
1592,248,0
1479,244,1
502,388,0
1630,128,1
1631,874,0
1289,102,0
745,817,0
680,15,1
2,1129,1
897,179,1
508,474,0
1632,1405,0
556,1039,0
1633,1406,0
954,383,1
1271,150,0
1634,486,0
390,15,1
107,65,1
728,1407,1
1635,1076,0
1636,179,1
628,1408,0
37,1323,0
1443,42,1
35,997,1
193,38,1
11,1409,0
1223,15,1
1637,1029,0
1638,10,1
1639,325,0
215,943,0
8,1410,0
61,1200,0
1640,1309,0
15,15,1
1641,15,1
1642,10,1
1072,1411,0
1643,339,1
73,15,1
80,797,1
35,275,1
963,15,1
2,709,1
495,42,1
1301,15,1
1151,605,0
1644,42,1
557,15,1
81,512,1
1645,1412,0
793,508,0
1646,328,0
81,629,1
1647,42,1
2,537,1
1648,486,1
1649,1411,0
91,781,0
1650,815,1
1135,245,0
1651,815,1
338,617,0
35,339,1
1652,15,1
1415,1413,0
127,623,0
2,1414,1
432,1252,0
19,1415,0
66,15,1
340,1068,0
1653,1416,0
330,15,1
1654,1417,0
1276,1333,0
1642,1166,1
1655,997,1
286,1418,0
2,456,1
307,42,1
114,1419,1
307,566,1
130,731,1
1656,419,0
172,1420,1
1657,480,0
81,1421,1
379,499,0
35,1116,1
1390,15,1
55,15,1
597,519,0
1658,275,1
955,266,0
1659,42,1
1660,38,1
809,1209,0
264,557,0
1238,766,0
1661,1294,0
1662,1422,0
1663,1423,0
1664,1424,0
442,254,1
2,1425,1
129,38,1
423,1426,0
526,808,0
792,1427,0
2,1428,1
1665,91,0
392,469,0
32,960,0
7,727,0
172,1429,1
453,931,0
46,180,0
1156,1416,0
655,754,0
2,1430,1
1666,1431,0
137,65,1
81,408,1
670,110,0
679,42,1
1266,42,1
1637,802,0
969,1432,0
1667,1433,0
1371,694,0
225,1434,0
1668,1422,1
2,1349,1
231,1435,0
406,15,1
1669,312,1
1670,783,0
1671,42,1
586,1436,0
1672,1106,0
1673,668,0
1674,251,0
261,6,1
1536,1151,0
1174,1437,0
37,111,0
1675,88,1
1595,1438,0
106,1439,1
137,603,1
1072,1440,0
1676,508,0
515,934,1
19,703,0
689,625,1
1677,184,0
1459,1441,0
204,237,1
1678,429,0
1679,1442,0
2,1443,1
1680,1444,1
746,641,0
827,1445,0
710,417,0
1313,1446,0
35,1447,1
1681,1234,0
825,42,1
626,214,0
1682,508,0
591,1448,0
982,849,1
1683,1242,0
1320,1,0
1029,1189,0
1684,183,0
1685,182,1
1686,309,0
1687,174,0
276,616,1
625,1449,0
330,15,1
2,646,1
1688,15,1
1104,1450,0
81,330,1
261,1451,1
1570,1278,0
1183,1452,0
81,1453,1
1689,913,0
237,147,0
1168,1338,0
1687,1454,0
1690,556,1
1691,848,0
1692,1003,1
637,909,1
106,1455,1
2,590,1
1693,98,1
1694,416,0
1269,78,0
556,208,0
538,1352,0
1695,274,1
1696,15,1
1697,16,1
767,15,1
1698,1242,0
1699,1301,0
35,900,1
1700,98,1
1558,613,0
172,42,1
358,656,0
499,1456,1
1701,437,0
1702,1457,0
1703,402,0
696,20,0
261,646,1
130,731,1
555,785,0
509,334,0
1704,229,0
448,640,1
218,15,1
1007,418,0
428,42,1
989,299,0
1705,778,1
330,365,1
81,1458,1
658,952,1
1706,1169,0
1707,1007,0
1708,207,1
778,1459,0
81,1460,1
1590,1461,0
644,1252,0
1709,540,0
802,1141,0
282,26,1
1710,508,0
1545,618,0
2,646,1
1711,1432,0
474,1052,0
347,968,0
130,599,1
2,243,1
1712,1462,0
138,15,1
1477,1463,0
552,447,0
19,142,0
890,603,1
1713,737,1
878,871,0
35,1458,1
172,1464,1
954,281,1
765,84,1
148,1465,0
297,764,0
1248,1466,1
107,42,1
1714,414,1
1715,196,1
1716,309,0
1270,15,1
805,109,0
35,1467,1
1717,833,0
1718,10,1
1672,447,0
1719,508,0
1720,135,0
1721,1468,1
93,1173,1
1722,1469,1
2,98,1
1019,1470,0
1723,78,0
696,1011,0
303,1092,0
1724,312,1
1403,25,0
1725,42,1
1460,586,0
1726,199,0
258,298,0
650,42,1
463,239,1
98,1228,0
1161,657,0
1483,219,1
518,849,1
524,68,1
201,77,0
19,1471,0
81,1472,1
1135,1095,0
1727,442,0
728,490,1
35,616,1
451,1473,0
81,658,1
1728,1118,0
1304,275,1
301,1474,0
1729,26,1
1730,356,0
648,473,1
1731,1475,0
1732,1092,0
93,42,1
1733,1476,0
1734,1477,0
1477,1478,0
225,1367,0
106,42,1
1735,943,0
1736,9,0
1737,33,0
339,131,0
669,1479,0
380,42,1
93,42,1
1738,51,1
529,42,1
495,410,1
1677,518,0
1441,548,0
35,248,1
1739,1480,0
81,1418,1
1740,42,1
196,362,0
172,153,1
1741,939,0
329,15,1
1742,806,0
337,1481,0
508,1482,0
1743,266,1
797,26,1
1263,715,0
1744,1483,0
1745,796,0
81,1208,1
930,1484,1
606,15,1
1746,1244,0
914,42,1
93,42,1
1747,239,1
1168,279,0
1298,15,1
1253,858,0
621,187,0
2,982,1
1199,603,1
1748,1334,0
488,15,1
81,136,1
1348,1279,0
1749,1412,0
2,1485,1
81,160,1
1750,309,1
1135,387,0
1388,1486,0
1403,1390,0
1751,1487,0
2,10,1
910,200,0
35,962,1
2,1488,1
1197,706,0
81,39,1
860,858,0
1752,1489,0
1753,1490,0
548,494,1
1754,427,0
982,400,1
1755,1491,0
1756,10,1
627,266,0
1757,715,0
35,1492,1
1758,15,1
1759,796,0
35,1493,1
1760,15,1
107,1261,1
502,60,0
508,1112,0
1150,298,0
81,1422,1
1761,1494,0
1762,1495,0
1058,88,1
950,1496,0
35,466,1
745,1497,0
379,31,0
483,1209,0
1763,998,0
652,42,1
560,921,0
748,843,1
81,658,1
323,1498,1
1764,83,0
912,26,1
1233,1446,0
1765,1499,0
106,457,1
821,1500,0
94,555,0
16,239,1
1766,1279,0
1598,817,0
198,1501,0
1206,365,1
1238,1502,0
327,878,0
1057,429,0
1767,1503,0
1768,509,0
1769,1504,1
646,15,1
1770,244,1
915,965,0
1771,208,0
107,211,1
81,234,1
621,609,0
1772,1505,0
1182,501,0
194,1173,1
35,1506,1
481,859,0
194,1507,1
35,646,1
1773,1508,0
225,1038,0
1774,732,0
1775,968,0
172,1509,1
1776,1051,0
1438,697,1
1777,352,0
7,176,0
1778,550,0
1668,1510,1
1779,393,0
1623,365,1
1444,688,1
1780,401,0
1781,1511,0
56,15,1
625,1512,0
291,109,0
147,592,0
1782,528,0
1783,500,0
518,400,1
1784,42,1
172,1513,1
1785,83,0
35,113,1
1786,39,1
1787,1514,0
558,15,1
1788,38,1
1789,1515,0
81,940,1
383,481,0
1790,55,0
93,936,1
1791,1516,0
1792,309,1
60,557,0
1793,1517,0
19,1518,0
130,42,1
1794,347,1
1793,1519,0
130,1520,1
1310,182,0
928,1483,0
1795,187,1
1796,1521,1
307,42,1
1470,1235,0
228,844,1
1415,1502,0
130,515,1
1797,817,0
1798,1334,0
35,1522,1
896,879,1
196,1461,0
1238,212,0
165,15,1
35,788,1
1799,1523,0
412,350,0
1800,852,1
307,42,1
1801,28,1
19,1524,0
276,1525,1
19,214,0
1802,15,1
1803,862,1
1804,364,1
1805,496,1
32,1526,0
1806,743,0
1807,26,1
1808,322,0
1809,315,0
148,542,0
1810,1527,0
55,15,1
291,1235,0
80,573,1
777,90,1
1337,10,1
1811,1528,0
197,134,0
80,1002,1
1812,422,1
1813,778,1
1051,15,1
983,1529,0
1814,347,1
1783,1530,0
508,358,0
1815,42,1
1816,902,0
1817,620,0
1818,1531,0
556,1146,0
331,1474,0
1819,51,1
171,42,1
373,195,1
202,545,0
1742,1398,0
1820,240,1
1821,1003,1
1822,997,1
264,441,0
35,1532,1
950,1533,0
1823,1235,0
749,1534,0
189,42,1
1824,1535,0
114,777,1
1825,874,0
156,594,0
787,26,1
311,1534,0
1826,42,1
1827,306,0
574,275,1
35,658,1
1828,268,1
645,1099,0
1829,91,0
1830,789,0
81,1536,1
258,696,0
107,390,1
1456,462,0
171,383,1
464,15,1
1022,682,0
83,15,1
888,1537,0
1673,1105,0
19,356,0
1211,628,0
1349,1354,0
412,1538,0
1831,543,0
2,1056,1
1410,688,1
547,1267,0
19,985,0
1832,1539,0
1007,30,0
1833,1540,0
81,994,1
930,422,1
671,1541,1
241,1409,0
1834,1432,0
1835,15,1
2,1270,1
35,275,1
1836,129,1
1378,1542,1
428,182,1
2,414,1
397,1101,0
579,418,1
1837,923,0
1838,623,0
878,884,0
1223,15,1
35,153,1
1839,182,0
1840,112,1
1841,1543,0
1538,284,0
1842,42,1
1843,10,1
81,1544,1
1844,1545,0
1125,148,1
129,170,1
19,934,0
81,658,1
903,332,0
55,15,1
478,45,0
157,1390,0
625,871,0
1466,254,0
37,93,0
1168,571,0
35,778,1
945,673,0
1311,457,0
2,240,1
77,239,1
493,261,0
251,392,0
767,69,1
1845,15,1
1846,893,0
1847,15,1
107,42,1
1848,88,1
172,1546,1
2,1547,1
35,306,1
924,1548,1
1849,64,1
145,778,1
35,1525,1
950,1368,0
1850,625,0
1851,1549,1
1852,94,1
575,299,0
1853,955,0
1129,444,0
1853,1332,1
1773,812,0
1664,625,0
93,284,1
1854,1550,0
1855,275,1
81,68,1
339,897,0
11,1551,0
1856,79,0
640,629,1
1857,301,0
81,1372,1
896,42,1
1858,15,1
35,607,1
93,936,1
748,360,1
2,692,1
1859,42,1
1860,1552,0
1861,494,1
2,341,1
1862,1080,0
705,934,0
1863,1553,0
954,1554,1
1864,1238,0
518,1555,1
1235,207,1
1311,1556,0
1273,42,1
1865,1557,1
93,1219,1
1866,1558,0
1867,221,1
616,540,1
155,60,0
1135,755,0
1868,41,0
1869,1559,0
1352,1232,0
1079,934,0
921,303,0
617,365,1
1048,1560,1
845,42,1
817,54,0
1870,341,1
127,1125,0
114,749,1
1642,1166,1
789,15,1
107,400,1
218,15,1
1871,256,0
1872,10,1
1873,15,1
1825,1537,0
1770,778,1
513,222,0
2,1561,1
259,1562,0
1874,240,1
172,314,1
1875,393,0
1876,232,1
93,390,1
431,1563,0
2,1564,1
708,186,0
1877,568,0
1040,147,0
2,10,1
1112,167,0
1878,1014,0
81,658,1
303,1565,0
1213,222,0
311,1129,0
1105,1566,0
1879,932,0
249,26,1
590,1567,0
1880,1022,0
1881,244,1
1882,1185,0
1883,42,1
471,1243,1
1233,21,0
1160,1457,0
91,744,0
1348,1568,0
1536,303,0
210,1478,0
748,1569,1
1884,134,0
35,1570,1
35,408,1
35,1349,1
1022,891,0
1662,703,0
35,1331,1
1211,1571,0
218,15,1
1834,536,0
750,1572,0
515,862,1
35,1573,1
386,1412,0
1885,220,1
600,244,1
0,1445,0
1135,1574,0
35,1575,1
1429,148,1
495,275,1
1048,1576,1
205,110,0
1886,1533,0
1887,897,0
785,1577,0
1316,15,1
37,1295,0
1829,799,0
1015,549,0
35,220,1
145,1576,1
1888,10,1
1803,815,1
597,1578,0
106,777,1
25,862,1
35,312,1
1889,248,0
1890,1579,0
493,280,0
1891,1199,1
1892,81,1
463,647,1
1701,536,0
1893,1553,0
495,97,1
1813,778,1
37,1580,0
42,383,1
1894,282,1
117,947,0
1018,389,1
194,1581,1
534,531,0
62,972,0
556,424,0
1895,623,0
1896,676,0
1897,15,1
35,98,1
1898,975,0
981,39,1
890,42,1
716,26,1
1899,1582,0
6,721,1
989,1424,0
1900,42,1
35,1583,1
1901,964,0
1004,26,1
1902,1413,0
1054,1584,0
76,758,0
749,598,0
157,1585,0
860,531,0
1903,15,1
1809,1535,0
694,1586,1
586,177,0
1904,42,1
186,1587,0
8,1306,0
1905,798,1
950,1060,0
700,275,1
272,387,0
35,1199,1
947,1588,0
1906,1589,1
1127,15,1
983,88,0
357,1061,0
1907,10,1
1908,280,0
1090,1590,0
960,1591,0
976,51,0
1478,15,1
1909,222,1
81,1592,1
574,410,1
1910,25,0
1911,232,1
107,42,1
560,78,0
1912,495,0
517,15,1
1458,1593,0
289,608,0
19,931,0
1623,15,1
172,1594,1
1522,216,0
624,48,0
1886,1595,0
557,69,1
932,1596,0
2,908,1
44,268,0
954,244,1
1913,240,1
43,1078,0
1764,925,0
1914,1597,0
366,219,1
217,1598,0
1840,997,1
860,1279,0
2,414,1
809,1086,0
35,1166,1
421,1074,1
624,327,0
1781,1599,0
1915,353,0
1800,220,1
81,1600,1
62,334,0
1916,312,1
894,1601,0
1066,239,1
35,1602,1
1797,1603,0
1917,128,1
1112,1604,0
1918,772,0
1919,1569,1
1920,98,1
81,1605,1
93,515,1
1730,218,0
733,1571,0
765,997,1
1531,1169,0
883,322,0
300,1358,0
35,1606,1
617,15,1
630,15,1
1058,174,1
130,88,1
1233,846,0
1662,525,0
217,771,0
1206,16,1
1855,42,1
1921,507,0
1922,1441,0
1923,1607,0
2,42,1
825,889,1
1214,585,0
81,658,1
1924,457,1
103,754,0
1925,227,1
1606,210,0
1338,158,1
35,1608,1
1661,315,0
728,515,1
1926,458,0
1123,1345,0
972,1609,0
35,953,1
1349,1146,0
217,1610,0
1187,269,0
81,352,1
887,26,1
1758,15,1
570,531,0
93,541,1
1027,1524,0
129,709,1
1927,38,1
1928,244,1
1036,15,1
1929,38,1
1592,478,0
1930,1611,0
371,611,0
860,883,0
1931,181,0
183,15,1
1263,537,0
1825,1612,0
1932,15,1
825,42,1
1878,36,0
1359,1613,0
1933,434,1
1934,1614,0
742,1151,0
171,275,1
2,1615,1
1935,1373,0
1263,1616,0
146,51,0
1936,15,1
1937,42,1
1938,1454,0
574,1261,1
1939,1617,0
32,241,0
1940,984,1
81,825,1
474,978,0
1004,26,1
1941,747,0
1942,1618,0
134,554,0
1943,16,1
1944,631,1
35,958,1
1008,88,1
2,1619,1
1945,556,1
107,697,1
1836,361,0
1544,1610,0
1313,282,0
1246,634,0
1946,104,1
1947,722,0
130,646,1
1948,654,0
1949,170,1
883,1136,0
81,1620,1
1950,231,0
1187,596,0
1706,678,0
1951,178,1
636,370,0
81,11,1
729,1621,0
212,202,1
1952,763,0
2,148,1
114,777,1
1953,1233,0
1954,996,0
1955,26,1
81,39,1
1956,568,0
93,603,1
35,1403,1
328,815,1
616,1060,1
81,791,1
1957,1622,0
1958,1623,0
354,1185,0
1959,455,0
1960,1038,0
81,658,1
574,603,1
548,494,1
1961,91,0
1962,15,1
1963,15,1
339,1417,0
1964,1624,0
1965,220,1
797,26,1
511,1625,0
1003,457,1
832,98,1
1966,1195,0
442,42,1
244,1190,0
137,711,1
1967,1626,0
1960,187,0
4,572,0
1673,832,0
35,306,1
1968,42,1
1969,778,1
521,15,1
930,113,1
8,1257,0
1649,404,0
589,1129,1
1534,1627,0
1085,508,0
1022,182,0
1970,621,0
292,27,0
1971,1279,0
81,125,1
1972,644,0
1973,166,1
471,1628,1
35,153,1
1187,555,0
106,153,1
396,1629,0
1974,508,0
80,709,1
549,1279,0
962,46,0
1975,69,1
1531,258,0
820,387,0
81,1630,1
172,125,1
1976,693,0
888,1631,0
1429,456,1
339,1632,0
312,253,0
1977,130,0
35,199,1
81,940,1
1978,496,1
466,258,0
586,1633,0
677,167,1
1979,207,1
1980,1634,0
81,1498,1
1981,143,0
93,42,1
1982,1635,0
1983,1021,1
1626,1636,0
249,26,1
1984,377,0
303,1637,0
1985,1625,0
1915,638,0
1986,1375,0
44,708,0
93,367,1
1025,1638,0
825,1173,1
106,1639,1
1987,26,1
1988,1356,0
1989,261,0
1990,661,1
1991,1533,0
521,565,1
8,223,0
137,367,1
1992,1640,0
225,605,0
435,709,1
1993,38,1
93,42,1
37,538,0
1994,1641,0
259,1162,0
802,4,0
35,1642,1
1489,1013,1
1390,15,1
1023,1643,0
1040,181,0
1995,69,1
242,880,1
780,187,0
2,1644,1
1643,697,1
1996,38,1
2,1645,1
1997,42,1
714,1646,0
563,1198,0
726,1197,0
926,885,0
1998,742,1
1999,510,0
799,109,0
2000,1647,0
2001,42,1
2,155,1
2002,42,1
35,1018,1
1248,810,1
1145,297,0
2003,1624,0
2,1274,1
728,560,1
272,1648,0
2,1649,1
825,59,1
757,430,0
525,15,1
2004,275,1
515,667,1
97,16,1
2005,261,0
447,1650,1
1412,1651,0
422,6,0
2006,647,1
422,1153,0
2007,359,0
962,170,0
2008,91,0
297,776,0
1922,35,0
81,1652,1
2009,42,1
201,109,0
171,42,1
137,889,1
2010,1110,1
875,1653,1
2011,1636,0
2012,804,0
1793,200,0
1374,849,0
2013,38,1
261,658,1
2014,427,0
2015,148,0
1057,1598,0
171,827,1
35,428,1
107,879,1
2016,42,1
223,263,0
2,1654,1
2,646,1
81,1451,1
608,15,1
146,300,0
2017,1655,0
1293,1656,0
2018,10,1
81,742,1
81,42,1
556,1657,0
390,15,1
790,15,1
1605,15,1
2019,1658,0
904,15,1
424,1175,0
2020,283,1
14,1026,0
2021,804,0
81,42,1
2022,1086,0
2023,285,0
921,4,0
733,382,0
2,929,1
684,15,1
2024,1659,0
515,1660,1
2025,1661,0
493,209,0
696,1004,0
2026,64,1
2027,1662,0
2028,748,0
1371,1663,0
35,153,1
2,1664,1
2029,42,1
746,526,0
508,1665,0
258,326,0
337,1666,0
90,214,0
147,369,0
99,60,0
1637,1667,0
2030,713,0
1861,1052,1
838,517,0
300,1176,0
2011,1467,0
2031,170,1
948,545,0
1335,654,0
783,1628,1
1048,724,1
2032,42,1
2033,753,0
1058,42,1
2034,15,1
1503,10,1
713,15,1
1085,1668,0
1106,69,1
130,1669,1
127,224,0
2035,674,1
405,15,1
2036,26,0
423,1539,0
1323,992,0
1233,1218,0
2037,1004,0
546,908,0
2038,283,1
2039,925,1
2040,1043,0
81,658,1
2041,875,0
2042,1182,0
2043,1670,0
2,1671,1
2015,1661,0
551,1298,0
710,1672,0
190,1092,0
2044,925,1
961,1510,0
834,30,0
2045,111,1
2046,15,1
471,604,1
2047,12,0
2048,1024,1
35,26,1
2049,118,0
62,232,0
8,1297,0
883,1614,0
2,1673,1
2050,904,0
563,1085,0
93,383,1
2,540,1
712,201,0
1896,1674,0
2051,1491,0
1878,333,0
2052,15,1
2053,473,0
2054,1137,0
2055,756,0
1224,1634,0
81,327,1
2056,15,1
2057,31,0
105,766,0
2058,223,1
2059,365,1
2060,444,0
1583,15,1
19,1675,0
2061,98,1
2062,1676,0
2063,1677,0
317,110,0
447,42,1
1077,1278,0
137,198,1
447,1678,1
35,376,1
140,128,1
399,104,1
557,15,1
658,51,1
2064,383,0
2065,585,0
81,1679,1
761,1680,0
2066,481,1
312,38,0
2067,69,1
1444,560,1
2068,514,1
107,275,1
2069,98,1
2070,429,0
273,186,0
1880,1681,0
35,1682,1
59,1509,1
349,15,1
163,26,1
1902,809,0
1825,1683,0
322,1684,0
2071,924,0
2072,1218,0
1218,26,1
348,1685,0
1493,1095,0
839,15,1
106,211,1
1076,631,1
35,503,1
81,1549,1
2,1686,1
132,162,0
848,855,0
556,992,0
2073,957,0
1665,1687,0
2074,42,1
579,910,1
188,26,1
1114,1107,0
107,515,1
945,1067,0
488,15,1
114,1066,1
2075,170,1
474,1032,0
745,1391,0
967,499,0
1115,676,0
679,42,1
1768,1688,0
35,1689,1
2076,1361,0
2077,69,1
404,1690,0
1233,233,0
2,39,1
2,1691,1
518,541,1
81,1692,1
2,26,1
615,1436,0
1460,1693,0
137,927,1
1902,732,0
2078,1242,0
2079,1165,0
25,357,1
2080,52,1
300,1694,0
369,998,0
433,26,1
2081,1695,1
1487,1667,0
716,26,1
1062,460,0
145,54,1
1838,370,0
81,1696,1
2082,15,1
1456,443,0
138,158,1
856,211,0
1161,961,0
324,281,1
383,1465,0
878,971,0
2083,98,1
2084,976,1
2085,778,1
1222,294,1
714,1563,0
59,952,1
680,908,0
2086,42,1
1659,470,1
2,760,1
81,1697,1
1187,111,0
35,664,1
2087,1013,1
410,26,1
579,1698,1
1696,15,1
2088,330,1
834,819,0
1372,741,0
2089,33,0
2090,15,1
2091,673,0
105,939,0
778,1699,0
2083,98,1
81,859,1
2092,1129,1
427,15,1
832,537,1
1867,52,1
2093,266,1
1421,15,1
130,102,1
515,1027,1
2094,673,0
2095,475,0
1114,7,0
1066,1700,1
2096,966,0
493,1338,0
1815,42,1
2097,88,1
2098,457,1
2099,1701,0
2100,614,0
501,678,0
2101,7,1
2102,268,1
2103,23,1
217,949,0
1200,1092,0
2104,948,0
789,15,1
194,1507,1
261,156,1
501,787,0
2105,1702,0
911,273,0
66,365,1
2106,815,1
757,950,0
803,6,1
2107,997,1
679,936,1
35,1703,1
2108,153,1
44,933,0
569,26,1
113,693,0
2109,257,0
2110,457,1
93,58,1
2111,102,0
2112,263,0
2113,703,1
2114,1630,1
700,496,1
54,145,0
1672,327,0
1177,153,1
2115,26,1
2093,15,1
2116,1299,0
1575,1059,0
1240,1057,0
2117,1509,1
1395,15,1
106,1704,1
2118,264,1
91,177,0
81,1024,1
130,159,1
19,1579,0
2119,508,0
888,171,0
2120,51,1
2121,281,1
2122,654,0
1912,1705,0
2,1706,1
2123,15,1
15,15,1
35,813,1
106,1021,1
1479,199,1
2124,1707,0
498,148,1
2,1708,1
921,708,0
1031,1443,1
1429,362,1
2125,884,1
2126,1709,0
70,15,1
2127,26,1
896,827,1
2,685,1
35,121,1
312,1056,0
2128,350,0
1447,42,1
261,1710,1
1592,1078,0
106,414,1
2129,1711,0
2,1712,1
81,1446,1
1015,775,0
2130,85,0
1732,655,0
93,42,1
963,15,1
2131,167,1
2132,140,0
2133,1499,0
2134,88,1
2,10,1
2135,15,1
2136,496,1
1559,1235,0
1947,952,0
73,15,1
2137,725,0
2138,1346,0
2139,207,1
803,1713,1
2140,1122,1
634,518,0
2141,508,0
2142,210,1
81,1714,1
2143,513,0
2144,1715,0
2145,121,1
566,937,1
35,833,1
259,262,0
204,180,1
650,333,1
35,65,1
930,569,1
2146,1597,0
2147,639,0
28,42,1
1085,1716,0
42,260,1
422,1717,0
2148,884,0
2149,42,1
437,365,1
2150,1501,0
1015,1718,0
81,1719,1
2151,696,0
2152,1720,0
1807,104,1
276,1721,1
1310,139,0
670,587,0
53,54,1
35,742,1
130,1722,1
136,1554,0
962,861,0
2153,244,1
439,185,1
1577,26,1
2154,406,0
989,81,0
1667,1637,0
2155,15,1
1337,1097,1
2156,16,1
1316,15,1
1878,1723,0
1200,755,0
2,1724,1
822,462,0
2157,37,0
856,1241,0
718,1260,0
35,1725,1
820,293,0
2133,1329,0
81,940,1
1089,15,1
137,42,1
2,720,1
1126,673,0
969,1726,0
1218,26,1
2158,1111,0
2159,457,1
1981,1470,0
347,93,0
2160,568,0
1625,377,0
249,26,1
2,843,1
2,10,1
921,945,0
1467,359,0
2013,38,1
165,15,1
963,15,1
1825,589,0
35,42,1
1388,521,0
2161,10,1
1427,203,1
462,910,1
2,1727,1
2,1560,1
2162,772,0
2163,514,1
81,599,1
2164,42,1
2165,434,1
225,1728,0
1613,291,0
677,42,1
35,1729,1
474,300,0
1560,370,0
2166,1025,0
2167,315,0
16,1730,1
556,1410,0
680,1497,0
2168,166,1
81,910,1
2169,690,0
718,1731,0
85,63,0
2170,88,1
2171,1190,0
983,1390,0
35,42,1
2172,30,0
2173,1732,0
757,747,0
966,1728,0
2174,1733,0
35,42,1
495,275,1
896,371,1
2175,603,1
2176,1734,0
1558,180,0
114,910,1
114,104,1
2177,26,1
547,1036,0
2178,1735,1
1758,244,1
2058,223,1
81,721,1
93,42,1
2179,1052,0
928,1250,0
1166,195,1
23,1124,0
306,26,1
2180,1736,1
2181,210,0
2182,312,1
449,97,1
2,38,1
35,1208,1
442,1254,1
1151,1690,0
1048,953,1
815,1030,0
987,26,1
820,977,0
73,15,1
188,26,1
706,1295,1
449,42,1
2183,414,1
946,1204,0
839,1031,1
207,819,0
2184,1737,0
2185,220,1
767,266,1
498,1121,1
1408,1738,0
106,1739,1
2186,565,0
679,936,1
2187,112,1
1051,15,1
1285,1046,1
35,287,1
81,1740,1
251,215,0
81,1741,1
509,1742,0
324,453,1
535,1243,1
423,255,0
748,42,1
2188,1542,0
81,1743,1
66,15,1
2189,870,0
81,1744,1
68,1745,1
2190,686,0
405,15,1
261,1088,1
681,15,1
2191,966,0
916,192,0
1439,88,1
693,73,0
1612,162,1
144,949,0
2,98,1
2192,16,1
1472,1738,0
714,401,0
1603,678,0
85,1616,0
2193,42,1
2,1746,1
656,387,0
1550,15,1
2194,1455,0
718,253,0
2195,358,0
1442,130,0
567,1747,0
2133,270,0
624,279,0
35,324,1
2196,536,0
726,1373,0
2197,1748,0
91,1749,0
81,1750,1
2198,740,0
2199,1751,0
2200,64,1
107,42,1
623,283,1
2023,949,0
35,599,1
1114,1668,0
700,1714,1
2201,42,1
699,1752,0
340,1213,0
1457,42,1
743,15,1
2202,173,1
1755,1301,0
2203,128,1
2204,196,1
2205,1043,0
2206,1753,0
130,1754,1
1411,10,1
1136,900,0
2207,1755,0
577,1756,1
387,637,0
2208,598,0
1298,15,1
710,1231,0
919,566,1
33,1093,0
1052,187,0
1421,15,1
2209,751,0
2210,282,1
930,1717,1
93,185,1
606,15,1
2211,111,1
579,616,1
93,235,1
2212,200,0
1546,1757,0
845,42,1
2213,281,1
2214,1310,0
19,429,0
1245,1758,0
2215,1759,1
42,260,1
2216,318,1
1531,84,0
1151,1760,0
2093,15,1
2,1761,1
1066,10,1
23,778,0
825,1173,1
1605,15,1
2217,1657,0
322,1762,0
659,258,0
1395,15,1
896,42,1
81,65,1
2218,1021,1
117,912,0
981,39,1
81,216,1
19,758,0
2219,42,1
238,1763,1
417,1286,1
81,1764,1
1151,1379,0
2220,1765,0
535,7,1
2221,1272,0
1216,42,1
519,1766,0
106,1639,1
2222,64,1
42,710,1
258,1767,0
748,889,1
2223,608,1
276,1768,1
2224,128,1
35,630,1
2057,1658,0
2135,1103,1
2225,1286,1
2226,42,1
2227,768,0
2,26,1
2228,195,1
42,284,1
35,294,1
738,15,1
2229,1328,1
676,391,1
258,1118,0
81,1769,1
69,367,1
1867,221,1
1182,295,0
2230,31,0
1768,69,0
355,1770,0
2231,38,1
264,351,0
860,1626,0
982,42,1
35,117,1
171,1173,1
171,42,1
2232,463,1
474,1762,0
2233,266,1
2234,94,1
285,182,0
167,15,1
1320,1386,0
2235,15,1
860,1771,0
945,1772,0
25,1257,1
2236,167,1
2,1016,1
904,15,1
328,51,1
2237,42,1
1151,873,0
2238,708,0
2239,1772,0
2240,1512,0
2241,1773,0
464,15,1
2202,808,0
487,1213,0
35,569,1
1187,877,0
2242,434,1
35,52,1
2,10,1
324,1673,1
1403,1774,0
684,42,1
1705,364,1
2243,39,1
1134,1192,0
2244,1409,0
81,1283,1
1211,722,0
679,593,1
553,268,1
106,892,1
28,602,1
129,414,1
698,686,0
615,1775,0
2,330,1
931,660,0
1052,364,0
867,93,0
1411,414,1
1706,1412,0
2245,542,1
1403,565,0
574,1254,1
2246,1257,0
962,1662,0
146,1397,0
2247,1776,0
2248,1777,0
2249,84,1
472,15,1
2250,901,0
2251,121,1
1517,1778,0
825,42,1
35,1779,1
2252,997,1
2253,1780,0
2254,42,1
1838,1781,0
1029,1782,0
1296,659,0
1986,1783,0
430,1631,0
1472,754,0
883,224,0
241,892,0
574,922,1
2255,1621,0
328,294,1
628,698,0
1138,1784,1
81,1785,1
284,844,1
231,1564,0
81,1786,1
129,26,1
953,56,1
1188,1787,0
2256,1788,0
825,383,1
613,1096,1
1546,1789,0
1151,585,0
35,1790,1
2257,707,0
2258,654,0
2259,1791,0
2260,236,0
273,1792,0
2261,815,1
2262,1418,0
2263,1793,0
2264,552,0
1552,790,0
2265,42,1
1525,151,0
2266,187,0
435,778,1
2267,39,1
463,1422,1
2,1615,1
105,1794,0
2268,56,0
114,1264,1
2269,210,1
2270,111,1
1359,1795,0
1001,1580,0
2140,737,1
2271,1772,0
2272,562,1
2086,42,1
2273,42,1
402,15,1
674,587,0
2274,1452,0
16,365,1
2275,1355,0
2276,42,1
2277,1021,1
579,1796,1
1347,287,1
204,223,1
2278,1797,0
897,1060,1
2279,1796,1
626,925,0
2,1798,1
2280,418,0
35,232,1
15,15,1
657,1359,1
1073,15,1
137,390,1
1048,867,1
966,437,0
1870,1212,1
1753,233,0
815,1799,0
129,10,1
75,565,1
2281,15,1
2282,1459,0
2283,79,0
728,42,1
106,1573,1
388,157,0
2284,674,1
2,1800,1
1639,636,0
44,1716,0
2285,1801,0
2286,42,1
1840,195,1
2287,510,0
1334,1802,0
483,1436,0
1839,1534,0
1951,545,1
700,1016,1
680,15,1
1701,1803,0
2288,180,1
274,1804,1
43,283,0
68,68,1
1317,444,0
35,1805,1
35,309,1
748,211,1
2289,1806,0
962,862,0
2,1807,1
327,1014,0
877,1808,0
2290,121,1
98,458,0
1083,36,0
463,893,1
35,922,1
2291,1809,0
637,1810,1
15,15,1
107,42,1
1388,892,0
1233,1038,0
2292,412,0
1902,1811,0
2293,1122,1
1687,630,0
35,1812,1
2294,1659,0
2295,26,1
1062,1813,0
2296,963,0
1240,549,0
391,42,1
368,1693,0
2297,86,1
35,1814,1
35,1815,1
125,15,1
624,858,0
139,1695,0
1079,1816,0
622,42,1
1241,1449,0
625,1339,0
405,15,1
405,15,1
349,15,1
2298,1056,0
172,42,1
2299,753,0
0,625,0
2300,318,1
324,239,1
107,371,1
825,276,1
534,130,0
2301,496,1
2302,785,0
2303,1781,0
1114,693,0
860,913,0
2,68,1
474,538,0
2304,997,1
2305,15,1
35,153,1
281,365,1
2306,1125,0
35,1493,1
2307,864,1
30,215,0
2308,1578,0
1764,1294,0
575,137,0
1764,1059,0
61,1038,0
2309,98,1
2310,1110,0
1335,1817,0
947,19,0
2311,91,0
423,1818,0
597,1024,0
2312,244,0
960,1040,0
731,1819,0
2109,427,0
35,1374,1
81,1820,1
589,712,1
657,595,1
2,713,1
2313,1821,0
579,1822,1
2,335,1
129,240,1
25,614,1
81,1823,1
2314,630,0
2315,42,1
23,499,0
1047,30,0
456,10,1
2316,42,1
2317,718,0
2318,1651,0
2319,1390,0
2320,42,1
746,1788,0
643,243,0
2321,1824,0
2091,1825,0
378,1826,0
2322,268,1
823,1702,0
616,1257,1
2323,777,1
2324,1498,0
2325,15,1
579,1626,1
544,537,1
967,202,0
2326,1341,0
622,42,1
258,1806,0
15,15,1
427,15,1
2000,639,0
176,244,1
81,1745,1
2327,925,1
307,42,1
2060,182,0
538,279,0
361,387,0
1311,1368,0
987,26,1
2328,38,1
616,25,1
597,109,0
508,308,0
1902,308,0
81,1117,1
448,331,1
2,1438,1
1962,15,1
137,42,1
35,1827,1
2329,1828,0
194,1581,1
447,667,1
903,554,0
517,15,1
272,634,0
42,1219,1
464,15,1
2330,328,0
35,485,1
2263,364,0
1349,537,0
2,255,1
1531,900,0
2331,949,0
2332,227,1
35,1829,1
81,658,1
1347,515,1
1672,469,0
2333,838,0
2334,795,0
950,969,0
145,984,1
81,658,1
2283,127,0
1402,1830,0
35,1831,1
35,1832,1
958,233,0
627,1200,0
2335,1262,0
2336,309,1
1310,36,0
2337,350,0
913,1622,0
825,58,1
35,10,1
2185,283,1
1730,1833,0
2338,91,0
145,953,1
1825,1370,0
2339,1281,0
35,900,1
679,602,1
272,1360,0
1923,350,0
463,779,1
1605,15,1
718,994,0
2340,132,1
2115,26,1
2341,283,1
1552,1452,0
107,1219,1
35,1357,1
2199,142,0
1246,1685,0
2342,1834,0
35,2,1
1785,1835,0
35,27,1
1572,118,0
2343,244,1
860,84,0
172,54,1
496,665,0
2344,198,1
1097,1621,0
90,1375,0
950,445,0
1902,1190,0
2345,859,1
2346,244,1
2347,1352,0
2348,106,0
2349,69,1
91,1742,0
2350,365,1
81,120,1
2351,1836,0
2352,15,1
2353,266,0
963,15,1
2354,1298,1
1232,1837,0
2137,1694,0
2355,871,0
483,858,0
546,1838,0
61,1839,0
70,1177,1
