index,smiles
0,CC(=O)[O-].CC(=O)[O-].[Cu+2]
1,C(CC(=O)N)C(=O)N
2,C1=CN(C2=C1C(=NC=N2)N)[C@H]3[C@@H]([C@@H]([C@H](O3)CO)O)O
3,C([C@@H](C(=O)O)N)S(=O)(=O)O
4,[Mg+2]
5,C(C#N)C(C(=O)O)N
6,CC(C)C[C@@H](CC(=O)O)CN
7,C1=CC2=C(C=C1F)C(=CN2)CC(C(=O)O)N
8,CC(=O)[O-].CC(=O)[O-].[Pb+2]
9,C(C(C(=O)O)S)(C(=O)O)S
10,C1=CC(=CC2=NC3=C(C=CC(=C3)N)C=C21)N
11,C(C1C(C(C(C(O1)OC2C(OC(C(C2O)O)OC3C(OC(C(C3O)O)O)CO)CO)O)O)O)O
12,CN(C)CCCN1C=C(C2=CC=CC=C21)C3=C(C(=O)NC3=O)C4=CNC5=CC=CC=C54
13,C1=CC(=CC=C1C[C@@H](C(=O)O)N)OP(=O)(O)O
14,CN(C)CC(=O)O
15,CCC(=O)O
16,CC1=C(C(=CC=C1)Cl)NC(=O)C2=CN=C(S2)NC3=NC(=NC(=C3)N4CCN(CC4)CCO)C
17,CC(C1CCC(C(O1)OC2C(CC(C(C2O)OC3C(C(C(CO3)(C)O)NC)O)N)N)N)NC
18,C[C@@]1(C(=O)N2[C@H](C(=O)N3CCC[C@H]3[C@@]2(O1)O)CC4=CC=CC=C4)NC(=O)[C@H]5CN([C@@H]6CC7=CNC8=CC=CC(=C78)C6=C5)C
19,CCN(CC)CCNC(=O)C1=C(NC(=C1C)/C=C\2/C3=C(C=CC(=C3)Cl)NC2=O)C
20,CCC(=O)C
21,C(C(CO)O)O
22,CCNC(=O)C1C(C(C(O1)N2C=NC3=C2N=CN=C3NCC4=CC=CC=C4)O)O
23,CNC(=O)C1=CC=CC=C1NC2=NC(=NC=C2Cl)NC3=C(C=C(C=C3)N4CCOCC4)OC
24,C1CC(OC1)N2C=NC3=C2N=CN=C3N
25,CS(=O)(=O)C1=CC=CC(=C1)C2=CC(=NC=N2)N3C[C@@H]([C@H](C3)N)C4=CC(=C(C=C4F)F)F
26,CC(=O)N[C@@H](CCSC)C(=O)O
27,C1=CC(=C(C(=C1)F)NC(=S)N2C(=NC(=N2)NC3=CC=C(C=C3)S(=O)(=O)N)N)F
28,CCN(CC)C(=O)N[C@@H]1CN([C@@H]2CC3=CNC4=CC=CC(=C34)C2=C1)C
29,CC1(C(=O)N(C(=O)O1)C)C
30,C(C(C(=O)O)O)C(=O)O
31,CC1(C(=O)NC2=C(O1)C=CC(=N2)NC3=NC(=NC=C3F)NC4=CC(=C(C(=C4)OC)OC)OC)C
32,C(CO)[C@@H](C(=O)O)N
33,C[C@@H]([C@H](C(=O)O)N)C(=O)O
34,C[C@@H]1C[C@H]2[C@@H]3C[C@@H](C4=CC(=O)C=C[C@@]4([C@]3([C@H](C[C@@]2([C@]1(C(=O)CO)O)C)O)F)C)F
35,C=CC(=O)NC1=CC2=C(C=C1)N=CN=C2NC3=CC(=CC=C3)Br
36,[Fe]
37,C(C(=O)[O-])C(CC(=O)[O-])(C(=O)[O-])O.N.[Fe+3]
38,C1=CC=C(C=C1)C=O
39,CC(CC(=O)O)O
40,CC(=O)[O-].CC(=O)[O-].[Ni+2]
41,C1=C2C(=CC(=C1Cl)Cl)N(C=N2)[C@H]3[C@@H]([C@@H]([C@H](O3)CO)O)O
42,C1CN(CCN1)C2=CC3=C(CNC(=O)N3C4=C(C=CC=C4Cl)Cl)C(=C2)C5=C(C=C(C=C5)F)F
43,C(C(C(CO)O)O)O
44,C1CN(CCC12C(=O)NCN2C3=CC=CC=C3)CCCC(C4=CC=C(C=C4)F)C5=CC=C(C=C5)F
45,C[C@@H](/C=C/C=C/C(C)C)C1=NC(=CS1)C2=NC(=CS2)/C=C/[C@@H]([C@@H](C)/C(=C\C(=O)N)/OC)OC
46,CC(=O)O.C[Hg]
47,C1[C@@H]([C@H](O[C@H]1N2C=C(C(=O)NC2=O)C(F)(F)F)CO)O
48,C1=CC(=CC=C1C(=O)NC(CCC(=O)O)C(=O)O)NCC2=CN=C3C(=N2)C(=NC(=N3)N)N
49,C(C(C(=O)O)O)O
50,C1=NC2=C(C(=N1)N)N=CN2C3C(C(C(O3)COP(=O)(O)OP(=O)(O)O)O)O
51,CC(C)(COP(=O)(O)OP(=O)(O)OCC1C(C(C(O1)N2C=NC3=C2N=CN=C3N)O)OP(=O)(O)O)C(C(=O)NCCC(=O)NCCSC(=O)C=CCC(=O)O)O
52,CC(CC1=CC=C(C=C1)O)NC
53,C(C(=O)[O-])(C(=O)[O-])O
54,C(C(=O)[O-])F
55,C1=NC2=C(N1)C(=NC=N2)N
56,C(=O)(C(=O)[O-])[O-].[NH4+].[NH4+]
57,CNCCC(C1=CC=CC=C1)OC2=CC=C(C=C2)C(F)(F)F
58,C(CC(=O)N[C@@H](CS)C(=O)NCC(=O)O)[C@@H](C(=O)O)N
59,CC1=C(SC(=N1)NC(=O)C)C2=CC(=C(C=C2)Cl)S(=O)(=O)NCCO
60,CN1CCN(CC1)C2=C3C=CC=CC3=NC4=C(N2)C=C(C=C4)Cl
61,CN1C(CC(C1=O)O)C2=CN=CC=C2
62,C1COCCN1C2=CC(=CC(=C2)C(=O)NC3=CC4=C(C=C3)NC=C4)F
63,C1C(=O)NCC(=O)N1
64,[Zn]
65,CN(C)CCOC(=O)COC1=CC=C(C=C1)Cl
66,C1=C(NC(=O)N=C1)N
67,CCNC(=O)N(CCCN(C)C)C(=O)[C@@H]1C[C@H]2[C@@H](CC3=CNC4=CC=CC2=C34)N(C1)CC=C
68,C1CN[C@@H]1C(=O)O
69,C(C(=O)[O-])Br
70,CC(CCCN)(C(=O)O)N
71,CCCCCCCC(=O)O
72,C1=CN(C(=O)NC1=O)C2C(C(C(O2)COP(=O)(O)O)O)O
73,C1=CC(=CC=C1[C@H](CO)O)NC(=O)C2=CC3=C(N2)C=CC(=C3)Cl
74,C1=C(NC=N1)CC(CO)N
75,C1CC(OC1)N2C=C(C(=O)NC2=O)F
76,C1=CC(=CC=C1C(=O)O)F
77,C(CN)CO
78,CCCN1C(=NC(=C1C2=NC(=NC=C2)NC3CCCCC3)C4=CC(=C(C=C4)Cl)Cl)C5CCNCC5
79,C1=CC=C(C=C1)CC(=O)N
80,C1=CC(=CC(=C1)C#N)C#N
81,C1=NC2=C(C(=N1)N)N=CN2C3C(C(C(O3)CO)O)O
82,COC1=CC=CC=C1OCCNCC(COC2=CC=CC3=C2C4=CC=CC=C4N3)O
83,C[C@H]1C[C@@H]2[C@H](CC[C@]3([C@H]2CC[C@@]3(C(=O)C)OC(=O)C)C)[C@@]4(C1=CC(=O)CC4)C
84,CCC(C)N1C(=O)C(=C(NC1=O)C)Br
85,C1=CC(=C(C(=C1)F)C2=CC=C(C=C2)C(=O)O)F
86,C1=NC2=C(C(=N1)N)N=CN2C3C(C(C(O3)COP(=O)(CP(=O)(O)O)O)O)O
87,CCCCCC(=O)O
88,C(C(C(C(=O)CO)O)O)O
89,C1=C(C=C(C(=C1O)O)O)C(=O)O
90,C(CC(=O)N)C(=O)C(=O)O
91,C(=O)(C(C(C(F)(F)F)(F)F)(F)F)O
92,C1=NC2=C(C(=N1)N)N=CN2[C@H]3[C@@H]([C@@H]([C@H](O3)CSCCC(C(=O)O)N)O)O
93,C1[C@@H]([C@H](O[C@H]1N2C=C(C(=O)NC2=O)Br)CO)O
94,C1=CC=C(C(=C1)C(=O)O)NC2=CC=CC=C2C(F)(F)F
95,C(CN)C(C(=O)O)N
96,C1=CC(=C(C=C1I)F)NC2=C(C=CC(=C2F)F)C3=NN=C(O3)NCCN
97,COC(=O)C1=CC(=C(C(=C1)O)O)O
98,CCOC(=O)[C@H](CCC1=CC=CC=C1)N[C@@H](C)C(=O)N2[C@H]3CCCC[C@@H]3C[C@H]2C(=O)O
99,C1CN(CCN1)C2=NC3=CC=CC=C3OC4=C2C=C(C=C4)Cl
100,CC(C)C(C(C)(C)CO)O
101,CSCC1C(C(C(O1)N2C=NC3=C2N=CN=C3N)O)O
102,C1=CC2=C(C=CC=C2S(=O)(=O)N)C(=C1)O
103,CC1[C@@H](C(C([C@H](O1)O[C@H]2C[C@H]([C@@]3(C4C(CC[C@@]3(C2)O)[C@]5(CCC([C@]5(CC4O)C)C6CC(=O)OC6)O)CO)O)O)O)O
104,CC(CC=O)O
105,CC(=O)C1=CC(=C(C=C1)OCCCN2CCC(CC2)C3=NOC4=C3C=CC(=C4)F)OC
106,CC(C)OP(=O)(OC(C)C)F
107,CN1CCN(CC1)CCCN2C3=CC=CC=C3SC4=C2C=C(C=C4)C(F)(F)F
108,C(CS)O
109,C1C(CNC2=C1C(=O)N=C(N2)N)CCC3=CC=C(C=C3)C(=O)NC(CCC(=O)O)C(=O)O
110,C1=CC=C2C(=C1)C(=NN2)C(=O)NC3=CC=C(C=C3)S(=O)(=O)N
111,COC1=C2C(=CNC2=NC=C1)C3=NC(=NC=C3)N
112,C1CCC(C1)(C(=O)O)N
113,CC1C(C(C(C(O1)OP(=O)(O)OP(=O)(O)OCC2C(C(C(O2)N3C=NC4=C3NC(=NC4=O)N)O)O)O)O)O
114,CNC(=O)C1=NC=CC(=C1)OC2=CC=C(C=C2)NC(=O)NC3=CC(=C(C=C3)Cl)C(F)(F)F
115,C1=CC=C2C(=C1)C3=NNC4=CC=CC(=C43)C2=O
116,CC1=C(C=C2C(=C1)C(CCC2(C)C)(C)C)C3(CC3)C4=NC=C(C=C4)C(=O)O
117,CC1=CC(=NN1)NC2=NC(=NC3=CC=CC=C32)C4=CC=CC=C4
118,COC1=CC\2=C(C=C1)NC(=O)/C2=C\C3=CN=CN3
119,CC1=C(C(=O)NO1)C[C@@H](C(=O)O)N
120,C[C@]12CC[C@H]3[C@H]([C@@H]1CC[C@@H]2O)CCC4=C3C=CC(=C4)O
121,C1=NC2=C(C(=N1)N)N=CN2C3C(C(C(O3)COP(=O)(O)OP(=O)(O)OCC4C(C(C(O4)O)O)O)O)O
122,CCCC(C(=O)O)N
123,CC(C)C=O
124,C1=NC2=C(C(=N1)N)N=CN2[C@H]3[C@@H]([C@@H]([C@H](O3)COP(=O)(O)OP(=O)(O)OP(=O)(O)O)O)O
125,C1=CC(=CC=C1CO)O
126,C1=CC=C2C(=C1)C(=O)/C(=C/3\C4=C(C=CC(=C4)S(=O)(=O)O)NC3=O)/N2
127,CC1=CNC2=CC=CC=C12
128,C1=CC=C2C(=C1)C=CC3=CC4=CC=CC=C4C=C32
129,C1=CN=C2C(=N1)C=NC=N2
130,C(C(=O)[O-])C(CC(=O)[O-])(C(=O)[O-])O.[Na+].[Na+].[Na+]
131,COC(=O)C(C1CCCCN1)C2=CC=CC=C2
132,C[C@H]1CNCCCN1S(=O)(=O)C2=CC=CC3=CN=CC(=C32)C
133,C1=NC2=C(C(=N1)N)N=CN2C3C(C(C(O3)COP(=O)(O)OP(=O)(O)OP(=O)(O)O)O)O
134,CC1=NC=C(C(=C1O)C=O)COP(=O)(O)O
135,CC1CC2C3CCC4=CC(=O)C=CC4(C3C(=O)CC2([C@]1(C(=O)CO)O)C)C
136,C(C(=O)C(=O)O)O
137,CS(=O)(=O)OCCCCOS(=O)(=O)C
138,C1=CC(=CC(=C1)N)C(=O)O
139,CN1CCN2C(C1)C3=CC=CC=C3CC4=CC=CC=C42
140,CC(C)C(C(=O)O)N
141,CC(C)C(C(=O)O)NC
142,NS(=O)(=O)O
143,CC(C(C)O)O
144,C1CNCCC1(C2=CC=C(C=C2)C3=CNN=C3)C4=CC=C(C=C4)Cl
145,C(CC(=O)O)C(=O)C(=O)O
146,COC1C(C(C(C(O1)CO)O)O)O
147,CC(C)CN1C2=C(C(=O)N(C1=O)C)NC=N2
148,C([C@@H](C(=O)O)N)OP(=O)(O)O
149,C1COCCN1CCCS(=O)(=O)O
150,CN1CCN(CC1)C2=NC3=CC=CC=C3OC4=C2C=C(C=C4)Cl
151,CCOC1=CC=CC=C1OCCN[C@H](C)CC2=CC(=C(C=C2)OC)S(=O)(=O)N
152,CC(=O)N[C@@H]1[C@H]([C@H]([C@H](O[C@H]1O)CO)O)O
153,C1[C@H]([C@@H]([C@H]([C@@H]([C@H]1N)O[C@@H]2[C@@H]([C@H]([C@@H]([C@H](O2)CN)O)O)N)O[C@H]3[C@@H]([C@@H]([C@H](O3)CO)O[C@@H]4[C@@H]([C@H]([C@@H]([C@@H](O4)CN)O)O)N)O)O)N
154,C1CC2CCC3C4CCC(CC4CCC3C2C1)O
155,C1C(C(OC1N2C=C(C(=O)NC2=O)Br)COP(=O)(O)O)O
156,CN(C)N
157,CC1=NC2=CC=CC=C2C(=C1)COC3=CC=C(C=C3)C[C@@]4(C[C@@H]4C(=O)NO)C(=O)OC
158,CC(C(=O)O)C(=O)O
159,CCN(CC)CCCC(C)NC1=C2C=C(C=CC2=NC3=C1C=CC(=C3)Cl)OC
160,C1=NC(=O)C2=C(N1)N(C=N2)C3C(C(C(O3)COP(=O)(O)O)O)O
161,CC(C(=O)O)N
162,CC(C)C(CC(=O)O)(C(=O)O)O
163,C(C(C(=O)O)O)(C(=O)O)N
164,C[C@H](CCCC(C)(C)O)[C@H]1CC[C@@H]2[C@@]1(CC[C@H]3[C@H]2CC=C4[C@@]3(CC[C@@H](C4)O)C)C
165,CSCC[C@@H](C(=O)O)NC=O
166,CCC(C)C
167,C(CCN)CC(=O)O
168,B([C@H](CC(C)C)NC(=O)[C@H](CC1=CC=CC=C1)NC(=O)C2=NC=CN=C2)(O)O
169,C1CC(=O)NC2=C1C=CC(=C2)OCCCCN3CCN(CC3)C4=C(C(=CC=C4)Cl)Cl
170,CC1=CC2=C(C=C1C)N(C3=NC(=O)NC(=O)C3=N2)C[C@@H]([C@@H]([C@@H](COP(=O)(O)OP(=O)(O)OC[C@@H]4[C@H]([C@H]([C@@H](O4)N5C=NC6=C5N=CN=C6N)O)O)O)O)O
171,C1=CC(=C[N+](=C1)C2C(C(C(O2)COP(=O)(O)OP(=O)(O)OCC3C(C(C(O3)N4C=NC5=C4N=CN=C5N)OP(=O)(O)O)O)O)O)C(=O)N
172,CC12CCC3C(C1CCC2=O)CCC4=C3C=CC(=C4)OS(=O)(=O)O
173,CC(C)NCC(COC1=CC=CC2=CC=CC=C21)O
174,CC[C@@H](CO)NC(=O)[C@H]1CN([C@@H]2CC3=CNC4=CC=CC(=C34)C2=C1)C
175,C(CC(C(=O)O)N)CN
176,CN1C2=NC(=NC=C2C=C(C1=O)C3=C(C=CC=C3Cl)Cl)NC4=CC(=CC=C4)SC
177,CC1([C@@H](N2[C@H](S1)[C@@H](C2=O)NC(=O)C3(CCCCC3)N)C(=O)O)C
178,C(CO)NN
179,C1C[C@H](NC1)C(=O)O
180,CC(CC1=CC=CC=C1)NC2=NC=NC3=C2N=CN3C4C(C(C(O4)CO)O)O
181,C(C(=O)O)C(=O)O
182,CCC(C(=O)O)O
183,CCCCCCCCCCCCCCCCO
184,C1[C@@H]([C@H](O[C@H]1N2C=CC(=O)NC2=O)COP(=O)(O)O)O
185,C1=CC=C2C(=C1)C=CC(=C2O)C(=O)O
186,CC(C)[N+]1(C2CCC1CC(C2)OC(=O)C(CO)C3=CC=CC=C3)C
187,CC(C)CC(C(=O)O)N
188,CCCC(=O)NC1=NC=NC2=C1N=CN2[C@H]3[C@@H]([C@H]4[C@H](O3)COP(=O)(O4)O)OC(=O)CCC
189,C1C=CN(C=C1C(=O)N)[C@H]2[C@@H]([C@@H]([C@H](O2)COP(=O)(O)OP(=O)(O)OC[C@@H]3[C@H]([C@H]([C@@H](O3)N4C=NC5=C4N=CN=C5N)O)O)O)O
190,C([C@@H]1[C@@H]([C@@H]([C@H]([C@@H](O1)O[C@@H]2[C@H](O[C@@]([C@H]2O)(CO)O)CO)O)O)O)O
191,CCCCCCCCCC[N+](C)(C)[O-]
192,C#CCN(CC1=CC2=C(C=C1)NC(=NC2=O)N)C3=CC=C(C=C3)C(=O)N[C@@H](CCC(=O)O)C(=O)O
193,C(CC(C(=O)O)N)CC(=O)O
194,C1=C(C=C(C(=C1I)O)I)[N+](=O)[O-]
195,CN(C)CCC=C1C2=CC=CC=C2CCC3=CC=CC=C31
196,CN1CC[C@@H]([C@@H](C1)O)C2=C(C=C(C3=C2OC(=CC3=O)C4=CC=CC=C4Cl)O)O
197,C(CO)O
198,COCCCCCCCCCCCC(=O)O
199,CC(=O)NC
200,C1C(C(C(C1N2C=NC3=C2N=CN=C3N)O)O)CO
201,C1=CC=C(C=C1)CN2C=CN=C2
202,CN1C(=CC(=N1)C2=CC=CC=C2)NS(=O)(=O)O
203,CN1CCCCC1CCN2C3=CC=CC=C3SC4=C2C=C(C=C4)SC
204,C(C(C(=O)C(=O)O)C(=O)O)C(=O)O
205,CC1=C(SC(=N1)C)C2=NC(=NC=C2)NC3=CC=C(C=C3)C(F)(F)F
206,CN(C)C=O
207,C(CC(=O)[O-])C(=O)[O-].[Na+].[Na+]
208,CCCCCCCC=O
209,C(CCN)C[C@@H](C(=O)O)N
210,C1=CC(=CC=C1CC(C(=O)O)N)O
211,C1=C(C(=O)NC(=O)N1C2C(C(C(O2)CO)O)O)F
212,CN(C)C(=NCCC[C@@H](C(=O)O)N)N
213,C1C(=O)NC=N1
214,CC(C)NCCO
215,CC(CCO)O
216,C(C(C(=O)O)F)[NH3+].[Cl-]
217,C[C@@H](C1=CC=CC=C1)NC2=NC=CC(=N2)C3=C(N=C(N3C)C4CCNCC4)C5=CC(=CC=C5)C(F)(F)F
218,C(CC(C(=O)O)N)C=O
219,C1=CC(=C(C=C1C2=C(C(=O)C3=C(C=C(C=C3O2)O)O)O)O)O
220,C1=CC2=C(C=CC3=C2C(=C1)C(=O)NC3=O)N
221,CN1CCC2=CC=CC3=C2[C@H]1CC4=C3C(=C(C=C4)O)O
222,CC(C(=O)O)C(CC(=O)O)(C(=O)O)O
223,CC(=O)[C@H]1CC[C@@H]2[C@@]1(CC[C@H]3[C@H]2CC=C4[C@@]3(CC[C@@H](C4)O)C)C
224,C(CSSC[C@@H](C(=O)O)N)O
225,C(=O)(C(=O)[O-])[O-].[Ce].[Ce]
226,CC(CC1=CC2=C(C=C1)OCO2)NC
227,C[C@H]1C[C@H]2[C@@H]3CC[C@@]([C@]3(C[C@@H]([C@@]2([C@@]4(C1=CC(=O)C=C4)C)F)O)C)(C(=O)C)O
228,CC(C)CCCC(C)C1CCC2C1(CCC3C2=CC=C4C3(CCC(C4)O)C)C
229,C(CC(C(=O)O)N)CC(C(=O)O)N
230,CSCC[C@H](C(=O)O)N
231,CCCC1=C(C=CC2=C1ON=C2C(F)(F)F)OCCCOC3=CC4=C(C=C3)N(C=C4)CC(=O)O
232,CSCCC(C(=O)O)N
233,CCOC(=O)C1=C2CN(C(=O)C3=C(N2C=N1)C=CC(=C3)F)C
234,C1CN2CCC1C(C2)CN3C4=CC=CC=C4SC5=CC=CC=C53
235,CCC1=CC(=C(C=C1OC)CC(C)N)OC
236,C[C@@]1(C(=O)N(C(=O)O1)NC2=CC=CC=C2)C3=CC=C(C=C3)OC4=CC=CC=C4
237,C[C@]12CC[C@H]3[C@H]([C@@H]1C[C@H]([C@@H]2O)O)CCC4=C3C=CC(=C4)O
238,CC(=O)C
239,CN1C(=NN=N1)SCC2=C(N3[C@@H]([C@@H](C3=O)NC(=O)[C@@H](C4=CC=CC=C4)O)SC2)C(=O)O
240,CCCCCCCCC(=O)O
241,CCC(C)OC(=O)C
242,C1=CC=C2C(=C1)C(=CC=N2)C3=C(NN=C3)C4=CC=CC=N4
243,C1CC(=O)NC1C(=O)O
244,CC(C(=O)O)O
245,CC1=CC=CC=C1N
246,CC1=C(C=C(C=C1)C2=NN=C(O2)C)C3=CC=C(C=C3)C(=O)NC4=CC=CC(=C4)C#N
247,C(CCC(=O)O)CC(=O)O
248,C[C@@H]1[C@H]([C@H]([C@@H](O1)N2C=C(C(=O)NC2=O)F)O)O
249,C(C=O)O
250,CC(C)C
251,C1=CC=C(C=C1)C2(C(=O)NC(=O)N2)C3=CC=CC=C3
252,CCOC(=O)C1=C(N(N=C1C)C2=CC(=CC=C2)[N+](=O)[O-])C
253,C1=CC=C2C(=C1)NC=N2
254,C(C(C(C(C(CO)O)O)O)O)C(=O)C(=O)O
255,CC(C)(COP(=O)(O)OP(=O)(O)OC[C@@H]1[C@H]([C@H]([C@@H](O1)N2C=NC3=C2N=CN=C3N)O)OP(=O)(O)O)C(C(=O)NCCC(=O)NCCSC(=O)CC(=O)O)O
256,CC1=CC2=C(C=C1S(=O)(=O)N3CCN(CC3)C)S(=O)(=O)N[C@H](N2)C4CCCC4
257,C([C@@H](C(=O)O)N)SO
258,CC(=O)C1=C[N+](=CC=C1)C2C(C(C(O2)COP(=O)([O-])OP(=O)(O)OCC3C(C(C(O3)N4C=NC5=C4N=CN=C5N)O)O)O)O
259,CS(=O)(=O)O
260,C1=CC=C(C=C1)S(=O)(=O)N(CC(F)(F)F)C2=CC=C(C=C2)C(C(F)(F)F)(C(F)(F)F)O
261,CC[C@@H]1[C@@]([C@@H]([C@H](C(=O)[C@@H](C[C@@]([C@@H]([C@H]([C@@H]([C@H](C(=O)O1)C)O[C@H]2C[C@@]([C@H]([C@@H](O2)C)O)(C)OC)C)O[C@H]3[C@@H]([C@H](C[C@H](O3)C)N(C)C)O)(C)O)C)C)O)(C)O
262,C(C(C(C(C(CO)O)O)O)O)O
263,C1CC(=O)OC1
264,C(CO)C(C(=O)O)N
265,CC(=O)OC(C)(C)C
266,CCCCCCCCCCC=O
267,CN1CCC(=C2C3=CC=CC=C3C=CC4=CC=CC=C42)CC1
268,CC(C)(COP(=O)(O)OP(=O)(O)OCC1C(C(C(O1)N2C=NC3=C2N=CN=C3N)O)OP(=O)(O)O)C(C(=O)NCCC(=O)NCCSC(=O)CC(C(=O)O)O)O
269,CCCCCCC(=O)O
270,CCN(CC)C(=O)C1CN(C2CC3=CNC4=CC=CC(=C34)C2=C1)C
271,C1=CC(=CC=C1C(C2=CC=C(C=C2)Cl)C(Cl)(Cl)Cl)Cl
272,C1=CC=C2C(=C1)C3=C(C4=CC=CC=C4C3=O)N(C2=O)CCCC(=O)O
273,CC(=O)C(=O)O
274,CC(=O)NC(CC1=CNC2=CC=CC=C21)C(=O)O
275,C1CN(CCN1CCCN2C3=CC=CC=C3SC4=C2C=C(C=C4)Cl)CCO
276,CN1CCCCC1CCN2C3=CC=CC=C3SC4=C2C=C(C=C4)S(=O)C
277,CC1=C(C=C(C=C1)C2=NN=C(O2)C)C3=CC=C(C=C3)C(=O)NCC4CC4
278,CCN1CCCC1CNC(=O)C2=CC(=C(C=C2OC)N)S(=O)(=O)CC
279,CC(=CCOP(=O)(O)OP(=O)(O)O)C
280,CC(C1CCC2C1(CCC3C2CCC4C3(CCC(C4)O)C)C)O
281,CCCCCCCCN
282,C1(=O)C2(C3(C4(C1(C5(C2(C3(C(C45Cl)(Cl)Cl)Cl)Cl)Cl)Cl)Cl)Cl)Cl
283,C1CN=C(N1)NC2=C(C=CC=C2Cl)Cl
284,C(C(C(C(C(=O)C(=O)O)O)O)O)O
285,C1=CC(=CC=C1N)O
286,CC(C)C(=O)O
287,CC(C)(C)C1=NC2=C(N1)C3=C(C=C(C=C3)F)C4=C2C=CNC4=O
288,CC1=CC(=CC(=C1CC2=NCCN2)C)C(C)(C)C
289,CC(C)CC(=O)C(=O)O
290,CC1CNC2=C(N1)C(=O)N=C(N2)N
291,C(CSC[C@@H](C(=O)O)N)O
292,C1=CC(=CC=C1[N+](=O)[O-])O
293,CCCC(CCC)C(=O)O
294,C1CCN(CC1)C2(CCN(CC2)CCCN3C4=CC=CC=C4CCC5=CC=CC=C53)C(=O)N
295,CC(=O)N
296,C(CO)C(CCO)(CCO)N
297,CNCC(C1=CC(=CC=C1)O)O
298,C1=NC2=C(C(=N1)N)N=CN2C3C(C(C(O3)COP(=O)(O)O)O)O
299,[C@@H]([C@H](C(=O)[O-])O)(C(=O)[O-])O.[Na+].[K+]
300,B
301,C1=CC=C(C=C1)NC(=O)CCCCCCC(=O)NO
302,C1CCC2(C1)CC(=O)N(C(=O)C2)CCCCN3CCN(CC3)C4=NC=CC=N4
303,C1COCCN1C2=CC(=O)C3=C(O2)C(=CC=C3)C4=CC=CC=C4
304,CC(=O)NC1=CC=C(C=C1)OC(=O)C2=CC=CC=C2O
305,CC(C)N
306,CC1=CC=C(C=C1)N2C(=CC(=N2)C(C)(C)C)NC(=O)NC3=CC=C(C4=CC=CC=C43)OCCN5CCOCC5
307,C(C(CBr)Br)Cl
308,CC(C)(C)C1=CC=C(C=C1)C(=O)CCCN2CCC(CC2)OC(C3=CC=CC=C3)C4=CC=CC=C4
309,CCCC(=O)O
310,CN(C)C(=O)OC1=CC=CC(=C1)[N+](C)(C)C
311,C(CSCC(C(=O)O)N)C(C(=O)O)N
312,CC1=NC=C(C(=C1O)CN)COP(=O)(O)O
313,CC1=NC2=CC=CC=C2C(=C1)COC3=CC=C(C=C3)[C@@]4(CCN(C4=O)[C@H](C)C(=O)NO)C
314,C(C(=O)O)N
315,C1=C(C=C(C(=C1[N+](=O)[O-])O)[N+](=O)[O-])[N+](=O)[O-]
316,C1=CC(=CC=C1C(=O)O)N=C(N)N
317,CC1=CC=C(C=C1)N(CC2=NCCN2)C3=CC(=CC=C3)O
318,CC(=O)[O-].CC(=O)[O-].[Mg+2]
319,C[C@]12CCC(=O)C=C1CC[C@@H]3[C@@H]2CC[C@]4([C@H]3CC[C@]4(C)O)C
320,C1CN(CCN1CC/C=C\2/C3=CC=CC=C3SC4=C2C=C(C=C4)Cl)CCO
321,C1=C(C(=O)NC(=O)N1)C2C(C(C(O2)COP(=O)(O)O)O)O
322,CCCCCCC(C(C)O)N1C=NC2=C1N=CN=C2N
323,C(C(F)(F)F)Cl
324,C[C@@H]([C@@H](CCC1=CC=CC2=CC=CC=C21)N3C=C(N=C3)C(=O)N)O
325,CC(C(C1=CC=C(C=C1)O)O)N2CCC(CC2)CC3=CC=CC=C3
326,C1=CC=C(C=C1)C(CCN)OC2=CC=C(C=C2)C(F)(F)F
327,C(CC(=O)O)CC(=O)O
328,C1CCC2=NC3=CC=CC=C3C(=C2C1)NCC4=CC=CC=C4
329,CCCCCCCCCCCCCCO
330,C1=C(ONC1=O)C(C(=O)O)N
331,C1COCCO1
332,C1CCC2(CC1)C(=O)N[C@H](C(=O)NC[C@@H](C/C=C/[C@@H](CC(=O)N2)C3=CC=C(C=C3)CP(=O)(O)O)CC4=CC=CC5=CC=CC=C54)CC(=O)N
333,C[C@]12CCC(=O)C=C1CC[C@@H]3[C@@H]2[C@H](C[C@]4([C@H]3CC[C@@]4(C(=O)COC(=O)CCC(=O)O)O)C)O
334,C(CCCO)CCO
335,CC(C)C(C1=CC=C(C=C1)Cl)C(=O)OC(C#N)C2=CC(=CC=C2)OC3=CC=CC=C3
336,C1C(C(OC1N2C=C(C(=O)NC2=O)F)COP(=O)(O)O)O
337,C1=CC=C(C=C1)C2=CC=C(C=C2)C3=CC(=CC(=C3)C(=O)O)C(=O)N
338,C#CCN(CC1=CC2=C(C=C1)NC(=NC2=O)N)C3=CC=C(C=C3)C(=O)NC(CCC(=O)O)C(=O)O
339,C1=CC=C(C(=C1)C(F)(F)F)S(=O)(=O)NNC(=O)C2=CC3=C(O2)C=CC(=C3)Cl
340,CCCCCCCCCCCCCCCCCC(=O)OC[C@H](COP(=O)(O)OCC(COP(=O)(O)OC[C@@H](COC(=O)CCCCCCCCCCCCCCCCC)OC(=O)CCCCCCCCCCCCCCCCC)O)OC(=O)CCCCCCCCCCCCCCCCC
341,C[N+]1=C2C=C(C=CC2=CC3=C1C=C(C=C3)N)N
342,C(=O)C=O
343,CC1=[N+](C2=CC=CC=C2C(=C1)N)CCCCCCCCCC[N+]3=C(C=C(C4=CC=CC=C43)N)C
344,C1[C@@H]([C@H](O[C@H]1N2C=C(C(=O)NC2=O)F)CO)O
345,C1=C(C2=C(N1)C(=O)N=CN2)C3C(C(C(N3)CO)O)O
346,C1CC1C2=CC(=NN2)NC(=O)CC3=CC4=CC=CC=C4C=C3
347,CC1=C(C(=O)C2=C(C1=O)N3CC(CC3=C2COC(=O)N)N)N
348,CCC(=O)CC
349,C1[C@H](CN[C@@H]1C(=O)O)O
350,CC(C)(C)OC(=O)N1CC2=C(C[C@@H]1C(=O)NC)C=CC(=C2)NS(=O)(=O)O
351,C(C(C(C(=O)[O-])O)O)OP(=O)(O)O
352,C1=CC(=CC=C1OCC(CO)O)Cl
353,C1=CC=C2C(=C1)C(=C(N2)O)C[C@@H](C(=O)O)N
354,C(=O)(N)NN
355,CCOC(=O)C1=CC=CC=C1C(=O)OCC
356,C1CCC(=O)CC2=C(C(=CC(=C2Cl)O)O)C(=O)OCC/C=C/C1
357,CC(C)(C)C1=CC=C(C=C1)C(CCCN2CCC(CC2)C(C3=CC=CC=C3)(C4=CC=CC=C4)O)O
358,CCC(C1=CC=CC=C1)C(=O)O
359,C1=CC(=CC=C1C(=O)O)N
360,CC1=CC=C(C=C1)O
361,CC(C)CCC(=O)O
362,CCCCCCCCCCCCCCCC(=O)O
363,CCOCCOCCOCCOCCOCCOCC
364,[Na+].[I-]
365,CC1=CN(C(=O)NC1=O)[C@H]2C[C@@H]([C@H](O2)CO)O
366,C1=CC=C2C(=C1)C(=O)C=C(O2)C3=CC=C(C=C3)Br
367,C1C(=O)N([C@@H](S1)C2=CC(=CC=C2)Br)C3=C(C=CC(=C3)Cl)O
368,C1=CC(=O)OC1=O
369,C1CN(CCN1C/C=C/C2=CC=CC=C2)C(C3=CC=CC=C3)C4=CC=CC=C4
370,CN1CC(C2=C(C1)C(=CC=C2)N)C3=CC=CC=C3
371,C(COCCOCCO)O
372,CC(=O)CCO
373,C([C@@H](C(=O)O)N)N1C(=O)NC(=O)O1
374,CN1CCN2C(C1)C3=CC=CC=C3CC4=C2N=CC=C4
375,C([C@@H](C(=O)O)N)S
376,CCC(C)C(=O)C(=O)O
377,CC[C@H](C(=O)O)N
378,C([C@@H](C(=O)O)N)SS(=O)(=O)O
379,CCO[C@@H](CC1=CC=C(C=C1)OCCN2C3=CC=CC=C3OC4=CC=CC=C42)C(=O)O
380,C1CCC(CC1)OC2=NC3=NC=NN3C(=C2)NC4=CC=C(C=C4)S(=O)(=O)N
381,CC1(C2CCC(O1)(CC2)C)C
382,C([C@@H](C(=O)O)N)SS
383,CCCCCCCCNC(C)C(C1=CC=C(C=C1)SC(C)C)O
384,C(C1C(C(C(O1)O)O)O)O
385,C(=N)(N)N
386,C1=CC=C(C(=C1)C(=O)O)N
387,C1CCNC(C1)C(=O)O
388,C1CN(CCC1C2=CN(C3=C2C=C(C=C3)Cl)C4=CC=C(C=C4)F)CCN5CCNC5=O
389,C1CN(CC=C1N2C3=CC=CC=C3NC2=O)CCCC(=O)C4=CC=C(C=C4)F
390,CS(=O)(=O)C1=CC2=C(C=C1)N3C[C@@H]([C@H](CC3=N2)C4=CC(=C(C=C4F)F)F)N
391,CCCCCCCCCCCCCCCC[N+](C)(C)C
392,CC1CO1
393,C(CC(=O)O)C(=O)CC(=O)O
394,CC1=CC=CC=C1N2CCN(CC2)CCC3=NN=C4N3CCCC4
395,C1=CC(=CC=C1CCN)S(=O)(=O)F
396,CCCCN(CCCC)CCCC
397,C[C@@H](CC(C)(C)O)O
398,CC(C)[C@@H](CO)NC1=NC2=C(C(=N1)NC3=CC(=CC(=C3)N)Cl)N=CN2C(C)C
399,CCCCCCO
400,CC(CNCC(C)O)O
401,CCCC1=NN(C2=C1NC(=NC2=O)C3=C(C=CC(=C3)S(=O)(=O)N4CCN(CC4)C)OCC)C
402,CC1=CC(=O)NC(=O)N1
403,CCCCN1C2=C(C(=O)N(C1=O)CC3=CC=CC=C3F)NC(=N2)CC4=CC=C(C=C4)NC(=O)C
404,CCCCN1C(=NC2=C1N=CN=C2N)CC3=CC4=C(C=C3)OCO4
405,CO/C=C(\C1=CC=CC=C1OC2=NC=NC(=C2)OC3=CC=CC=C3C#N)/C(=O)OC
406,C(CCC(=O)O)CCN
407,C(CN)C#N
408,C1=CC2=C(C(=C(C=C2Cl)I)O)N=C1
409,CC(CN)O
410,C1CNCCC1OC2=CC=CC(=C2)C(=O)C3=C(N(N=C3)C4=CC=C(C=C4)F)N
411,C(CC(=O)N)[C@@H](C(=O)O)N
412,C1=C2C3=C(C(=C1O)O)OC(=O)C4=CC(=C(C(=C43)OC2=O)O)O
413,C[C@H](C(=O)O)OC1=CC=C(C=C1)OC2=C(C=C(C=N2)C(F)(F)F)Cl
414,C(C(C(=O)O)N)C(=O)O
415,C[C@@H](C(=O)O)N
416,CC(C)CC1CN2CCC3=CC(=C(C=C3C2CC1=O)OC)OC
417,C[C@]12CC[C@H]3[C@H]([C@@H]1CCC2=O)CCC4=CC(=O)C=C[C@]34C
418,C(C(=O)C(=O)O)C(=O)O
419,C[C@H](C(=O)O)OC1=CC=C(C=C1)OC2=C(C=C(C=C2)Cl)Cl
420,CC(CCOP(=O)(O)O)(CC(=O)O)O
421,CC(C)C[C@@H](C(=O)O)N
422,CC(C)O
423,C(CC(=O)O)CN
424,C1CC[N+]2(C1)C3CCC2CC(C3)OC(=O)C(C4=CC=CC=C4)(C5=CC=CC=C5)O
425,CC(C)C(CC=C)C(=O)N
426,C1=C(C(=O)NO1)C[C@@H](C(=O)O)N
427,CC1CCC2(C3(CC4(C5(C(C(C3(C5(C2(C1O)O4)O)O)OC(=O)C6=CC=CN6)(C(C)C)O)C)O)C)O
428,C1=CC(=CC=C1Cl)Cl
429,CCNC(=O)C1C(C(C(O1)N2C=NC3=C2N=C(N=C3N)NCCC4=CC=C(C=C4)CCC(=O)O)O)O
430,CC(=O)C(C)(C(=O)O)O
431,C[S+](CCC(C(=O)O)N)CC1C(C(C(O1)N2C=NC3=C2N=CN=C3N)O)O
432,CC#CCOC1=CC=C(C=C1)S(=O)(=O)N2CC[C@@H](C2)S
433,CC1=CC=C(C=C1)C2=C(N3C=C(C=CC3=N2)C)CC(=O)N(C)C
434,C1=CC(=CC(=C1)C(=O)O)/C=N/OCCO/N=C/C2=CC(=O)NC(=O)N2
435,CC1=C(SC(=N1)N)C2=NC(=NC=C2)NC3=CC(=CC=C3)[N+](=O)[O-]
436,C(=C(\O)/[O-])\[C@H](C(=O)[O-])O
437,CCN(CC)CCNC(=O)C1=C(NC(=C1C)/C=C\2/C3=C(C=CC(=C3)F)NC2=O)C
438,C(C(CO)(CO)CO)O
439,CCCCC(CC)C(=O)[O-].CCCCC(CC)C(=O)[O-].[Sn+2]
440,C1C(CNC1C(=O)O)O
441,COC1=C(C=CC(=C1)C=O)O
442,CN(C)CCCN1C2=CC=CC=C2CCC3=CC=CC=C31
443,C1CCN(CC1)CCOC2=CC=C(C=C2)C3=CN4C(=C(C=N4)C5=CC=NC=C5)N=C3
444,CCNNC(=O)C1C(C(C2=CC3=C(C=C2C1C4=CC(=C(C(=C4)OC)OC)OC)OCO3)O)CO
445,C(Br)(Br)Br
446,C1CN(CCC1N2C3=CC=CC=C3NC2=O)CCCC(C4=CC=C(C=C4)F)C5=CC=C(C=C5)F
447,C([C@@H](C(=O)O)N)O
448,C1CN(CCN1CCOCCO)C2=NC3=CC=CC=C3SC4=CC=CC=C42
449,CCC(CC)N1C=CC2=C1C=CC3=C2C(=NC(=N3)N)N
450,C1=CC(=C(C=C1C[C@@H](C(=O)O)N)I)O
451,CCC(=O)C(=O)O
452,C1=CC=C(C(=C1)C2=CN3C=CN=C3C(=N2)NCC4=CN=CC=C4)F
453,C(=O)(C(=O)[O-])N.[Na+]
454,CC1=CC=CC=C1[N+](=O)[O-]
455,CC1=C2C=C(C=CC2=NN1)C3=CC(=CN=C3)OC[C@H](CC4=CC=CC=C4)N
456,C1CNC(=O)NC1=O
457,CCCC[C@H](CN(C=O)O)C(=O)N[C@H](C(=O)N(C)C)C(C)(C)C
458,CC1=CC[C@H]2C[C@@H]1[C@@H](OC2(C)C)C3=CC=C(C=C3)O
459,CCCCCCCCCCCCCCCC(=O)OCC(COC(=O)CCCCCCCCCCCCCCC)OC(=O)CCCCCCCCCCCCCCC
460,CC(=C)C(=O)O
461,CC1=CC=CC2=C1C(=O)N(C2=O)C3=CC=C(C=C3)C#N
462,CC(=O)NCCC1=CN=CN1
463,C(C(=O)CO)O
464,CCCOC1=C2C(=CNC2=NC=C1)C3=NC(=NC=C3)N
465,CC1=CC(=C(C=C1)C(C)C)O
466,CCCN(CCC1=CC=CS1)C2CCC3=C(C2)C=CC=C3O
467,C1CNC[C@H]([C@@H]1C2=CC=C(C=C2)F)COC3=CC4=C(C=C3)OCO4
468,C([C@@H]([C@H]([C@@H](C(=O)CO)O)O)O)O
469,COC1=CC=C(C=C1)C(=O)O
470,C1=CC=C2C(=C1)C(=O)C(=C(O2)O)CC3=C(OC4=CC=CC=C4C3=O)O
471,COC1=CC=C(C=C1)CCN2CCC(CC2)NC3=NC4=CC=CC=C4N3CC5=CC=C(C=C5)F
472,C(CC(=O)O)[C@@H](C(=O)O)N
473,C[C@H](CCC1=CC=C(C=C1)O)NC(=O)CC2=C(NC3=CC=CC=C32)C4=CC=CC=C4
474,CC(CC(=O)O)(C(=O)O)O
475,C=C=CCNCCCCNCC=C=C
476,COC1=CC=CC=C1CNCCCCCCNCCSSCCNCCCCCCNCC2=CC=CC=C2OC
477,C1[C@H](O[C@H]([C@@H]1O)N2C=NC3=C2N=CN=C3N)CO
478,C1CC(NC1)C(=O)O
479,C1=CC(=CC=C1CC2=CC=C(C=C2)OP(=O)(O)O)OP(=O)(O)O
480,C1=CC(=C(C=C1CC(C(=O)O)N)O)O
481,CNCCCN(C)N(N=O)O
482,CCN1CCC[C@H]1CNC(=O)C2=C(C=CC(=C2OC)Br)OC
483,CCCCC[C@@H](/C=C/C=C\CCCCCCCC(=O)O)O
484,CN(C)CCCN1C2=CC=CC=C2SC3=C1C=C(C=C3)C(F)(F)F
485,C1CCC2CCCCC2C1
486,CNCCC=C1C2=CC=CC=C2CCC3=CC=CC=C31
487,CC12CCC(=O)C=C1CCC3C2CCC4(C3CC[C@]4(C#C)O)C
488,COCC(=O)O
489,CCC(C)(C#C)O
490,CCC(=O)O[C@H]1CC[C@@H]2[C@@]1(CC[C@H]3[C@H]2CCC4=CC(=O)CC[C@]34C)C
491,OP(=O)(O)OP(=O)(O)OP(=O)(O)O
492,CC(CCC(=O)O)[C@H]1CC[C@@H]2[C@@]1([C@H](C[C@H]3[C@H]2CC[C@H]4[C@@]3(CC[C@H](C4)O)C)O)C
493,C1=NC2=C(C(=N1)N)N=CN2[C@H]3[C@@H]([C@@H]([C@H](O3)COP(=O)(O)O)O)O
494,C1=C(C=C(C(=C1I)O)C(=O)O)I
495,CC(CN1C2=CC=CC=C2SC3=CC=CC=C31)N(C)C
496,CC1=C(C(CCC1)(C)C)/C=C/C(=C/C=C/C(=C/C(=O)O)/C)/C
497,CC(=O)C=O
498,C1=CC2=C(C=C1O)C(=CN2)CC(=O)O
499,C1C2=C(C(=CC=C2)O)C(=O)C3=C1C=CC=C3O
500,C1CC2=C(C=CC(=C2)Cl)C(=C3CCNCC3)C4=C1C=CC=N4
501,C1=CC=C(C(=C1)C(=O)O)N(C2=CC=CC3=C2C=C(C=C3)O)C(=O)C(=O)O
502,C1[C@H]2[C@@H]([C@@H](S1)CCCCC=O)NC(=O)N2
503,CC(=O)O[C@@H]1C[C@]2([C@@H](CCC2=O)C3=C1[C@]4([C@H](OC(=O)C5=COC(=C54)C3=O)COC)C)C
504,CC1=NC=C(C(=C1O)CN[C@H](C)C(=O)O)COP(=O)(O)O
505,CC1=C(C=CC(=C1)O)O
506,CC(CC(=O)O)C(=O)O
507,CCCCCCCCCCC(=O)O
508,C1=CC(=C(C=C1CCN)O)O
509,CC(=O)OCC(=O)C1(CCC2C1(C[C@@H]([C@]3(C2CCC4=CC(=O)C=CC43C)F)O)C)O
510,CC1=C(SC(=N1)C2=CC=C(C=C2)C(F)(F)F)C(=O)NCC3=CC=C(C=C3)OC(C)(C)C(=O)O
511,C[C@]12CC(=O)[C@H]3[C@H]([C@@H]1CC[C@@]2(C(=O)CO)O)CCC4=CC(=O)C=C[C@]34C
512,C1=CC=C(C(=C1)O)Cl
513,C=C1CC1CC(C(=O)O)N
514,CC(C)N1C2=C(C(=N1)C3=CC(=CC=C3)O)C(=NC=N2)N
515,C1=CC(=CC=C1CSC[C@@H](C(=O)O)NC(=O)N[C@@H](CCC(=O)O)C(=O)O)F
516,CCOC(=O)C(C)C(=O)C
517,CCCCCCCCCCCCCCCCCC(=O)OC
518,CC(=O)NC(CCSC)C(=O)O
519,COC1=CC=C(C=C1)S(=O)(=O)N2C=C(C3=C2C=CC(=C3)OC)CCC(=O)O
520,CC(CC1=CC=C(C=C1)O)NCC(C2=CC(=CC(=C2)O)O)O
521,C(C(=O)COP(=O)(O)O)O
522,CC(=O)[O-]
523,C[C@@H]1CC(=O)[C@]2([C@@H](O1)O[C@@H]3[C@H]([C@@H]([C@@H]([C@@H]([C@H]3O2)NC)O)NC)O)O
524,CC1=CC(=C(C(=C1CC2=NCCN2)C)O)C(C)(C)C
525,CN1C=C(N=C1)C[C@@H](C(=O)O)N
526,C(C(C(=O)O)N)O
527,C[C@@H](C1=CC=CC=C1)NC2=NC=C3C(=C2)C(=NO3)C4=CC(=CC(=C4)Cl)CCCO
528,C[C@]12CC[C@H]3[C@H]([C@@H]1CC[C@]2(C)O)CCC4=CC(=O)C=C[C@]34C
529,C1CC(C(CNC1)NC(=O)C2=CC=C(C=C2)O)OC(=O)C3=CC(=C(C(=C3)O)C(=O)C4=C(C=CC=C4O)C(=O)O)O
530,C1=CC(=CC=C1[C@H](CN=[N+]=[N-])O)[N+](=O)[O-]
531,CC(C)NCC(COC1=CC=CC2=C1C=CN2)O
532,C1C(O1)CO
533,C1=CC=C(C=C1)COC=O
534,CCOP(=S)(OCC)OC1=CC=C(C=C1)[N+](=O)[O-]
535,CC(C=O)C(=O)O
536,C(C=O)C(=O)O
537,C1=CSC(=C1)C(=O)CC(=O)C(F)(F)F
538,C#CC(CCC(=O)O)N
539,CC1=CC=CC(=N1)C2=C(CNN2)C3=NC4=C(C=C3)N=CC=C4
540,CS(=O)(=O)C1=CC=CC(=C1)NC2=NC=CC(=N2)NC3=C(C=CC4=C3OCO4)Cl
541,CC(CCC1=CC=C(C=C1)O)NCCC2=CC(=C(C=C2)O)O
542,CS(=O)C
543,C[As](=O)(C)O
544,CC1=CC(=CC(=C1CC2=CC(=C(C=C2)O)C(C)C)C)OCC(=O)O
545,COC1=C(C(=C(C(=C1)N)OC)CCOC(=O)C2=CC(=C(C=C2O)O)Cl)OC
546,CC(=O)CC(=O)CCC(=O)O
547,CC(CO)O
548,C(C(C(C(=O)O)O)C(=O)O)C(=O)O
549,CC1=C(C2=CC=CC=C2N1)CCNC(=O)C3=CC=CS3
550,C1=NC2=C(C(=N1)N)N=CN2C3C(C(C(O3)COP(=O)(O)OP(=O)(CP(=O)(O)O)O)O)O
551,C1=CC=C2C=C(C=CC2=C1)C[C@@H](C(=O)O)N
552,COC1=C(C=C2C(=C1)C(=NC=N2)N3CC[C@H](C3)OC4=NC5=CC=CC=C5N=C4)OC
553,CCCCCC=O
554,C1CN(CCC1N2C3=C(C=C(C=C3)Cl)NC2=O)CCCN4C5=CC=CC=C5NC4=O
555,CC(=O)[O-].CC(=O)[O-].[Fe+2]
556,C[C@]12CC[C@](C[C@H]1C3=CC(=O)[C@@H]4[C@]5(CC[C@@H](C([C@@H]5CC[C@]4([C@@]3(CC2)C)C)(C)C)O[C@@H]6[C@@H]([C@H]([C@@H]([C@H](O6)C(=O)O)O)O)O[C@H]7[C@@H]([C@H]([C@@H]([C@H](O7)C(=O)O)O)O)O)C)(C)C(=O)O
557,C[C@]12CC[C@H]3[C@H]([C@@H]1CC[C@@H]2O)CCC4=CC(=O)CC[C@H]34
558,CCC1=C(C2=C(O1)C=C(C=C2)S(=O)(=O)NC3=CC=C(C=C3)S(=O)(=O)NC4=NC=CS4)C(=O)C5=CC(=C(C(=C5)Br)O)Br
559,C[C@@H]1[C@]([C@@H]([C@H](O1)O[C@@H]2[C@H]([C@@H]([C@H]([C@@H]([C@H]2O)O)N=C(N)N)O)N=C(N)N)O[C@@H]3[C@@H]([C@H]([C@@H]([C@H](O3)CO)O)O)NC)(C=O)O
560,C1=CC=C2C=C(C(=CC2=C1)C(=O)O)O
561,C1[C@@H]([C@H](CSS1)O)O
562,CCCCC(CC)C(=O)O
563,CCC(C)C(C(=O)O)N
564,C1C2=CC(=CC(=C2OCO1)CN3C4=C(C=C(C=C4)F)/C(=N\O)/C3=O)F
565,C1(C(C(C(C(C1OP(=O)(O)O)OP(=O)(O)O)OP(=O)(O)O)OP(=O)(O)O)OP(=O)(O)O)O
566,CC(=O)NC1C(C(C(OC1O)CO)O)O
567,C1=CC=C2C(=C1)C=CC=C2NC(=O)CF
568,[O-]S(=O)(=O)[O-]
569,CC#CCOC1=CC=C(C=C1)S(=O)(=O)CCCS
570,C1C[C@@H]2C3=C(C=CC=C3NC(=O)NC4=CC=CC=N4)C(=O)N2C1
571,C[C@@H]1C(=O)NCCCN1C(=O)C[C@@H](CC2=CC(=C(C=C2F)F)F)N
572,CCCCCCCO
573,CCN(CC)CCOC(=O)C1=CC=C(C=C1)N.CC1([C@@H](N2[C@H](S1)[C@@H](C2=O)NC(=O)CC3=CC=CC=C3)C(=O)O)C
574,C1CNCC(C2=CC(=C(C=C21)O)O)C3=CC=CC=C3
575,CC(CCC1=CC=CC=C1)NCC(C2=CC(=C(C=C2)O)C(=O)N)O
576,C1CN2C3=CC=CC4=C3C=C(C=C4)OC5=C(C=CC(=C5)CN6C=NC=C6CNC1C2=O)C#N
577,C1[C@@H]([C@H]([C@@H]([C@H](N1CCO)CO)O)O)O
578,C([C@H]([C@H]([C@@H]([C@H](C(=O)[O-])O)O)O)O)O.C([C@H]([C@H]([C@@H]([C@H](C(=O)[O-])O)O)O)O)O.[Ca+2]
579,C1=CC(=CC=C1C2=C(NN=C2)C3=CC(=NC=C3)F)F
580,C([C@@H](C(=O)O)N)C(=O)N
581,C1CNCCC1C2=CC3=C(CCC(=O)N3C4=C(C=CC=C4Cl)Cl)C(=C2)C5=C(C=C(C=C5)F)F
582,C1CC1(C(=O)O)N
583,C1=CC=C(C=C1)C[C@@H](C(=O)O)N
584,CC1=CC2=C(C=C1C)N(C3=NC(=O)NC(=O)C3=N2)C[C@H]([C@H]([C@H](COP(=O)(O)OP(=O)(O)OC[C@@H]4[C@H]([C@H]([C@@H](O4)N5C=NC6=C5N=CN=C6N)O)O)O)O)O
585,CCCCCCCC/C=C/CCCCCCCC(=O)O
586,C1=CC(=C(C=C1C2=CC=C(O2)/C=C\3/C(=O)N=C(S3)N)C(F)(F)F)S(=O)(=O)N
587,CC1=C(C=CC=C1OCCCCC(=O)O)NC(=O)NC(=O)C2=C(C=C(C=C2)Cl)Cl
588,C1=CC2=C(/C(=C/3\C4=C(C=C(C=C4)Br)NC3=O)/N=C2C=C1)NO
589,CC(C(=O)C)O
590,CC1=NC=C(N1C2CC2)C3=NC(=NC=C3)NC4=CC=C(C=C4)S(=O)(=O)NC
591,COC
592,C[N+](C)(C)CCOP(=O)(O)OP(=O)(O)OCC1C(C(C(O1)N2C=CC(=NC2=O)N)O)O
593,CCCCCC=CCC=CCCCCCCCC(=O)O
594,CC(=O)NC1C(C(C(OC1NC(=O)CC(C(=O)O)N)CO)O)O
595,C1=CC(=CC=C1[N+](=O)[O-])OP(=O)(O)O
596,C(C(C(C(C(C(=O)CO)O)O)O)O)OP(=O)(O)O
597,CCl
598,C1=CC(=CC=C1C[C@@H](C(=O)O)N)O
599,C1CNCC2=C1C=CC(=C2)S(=O)(=O)NC3=CC=C(C=C3)Cl
600,CC[C@H](C)C(=O)O[C@H]1C[C@H](C=C2[C@H]1[C@H]([C@H](C=C2)C)CC[C@@H]3C[C@H](CC(=O)O3)O)C
601,CCOC(=O)C1C(O1)C(=O)NC(CC(C)C)C(=O)NCCC(C)C
602,CN(C)S(=O)(=O)C1=CC\2=C(C=C1)NC(=O)/C2=C\C3=CC4=C(N3)CCCC4
603,CC1=C(C=C(C=C1)C(=O)NC2=CC=CC(=C2)C(F)(F)F)NC3=CN=CC(=C3)C(=O)N
604,C[C@@H](CC1=CC=CC=C1)NC
605,C(CC(=O)O)C(=O)CN
606,CC(=CCC/C(=C/CC/C(=C/CONC(=O)CP(=O)(O)O)/C)/C)C
607,CCC(=C)C(=O)C1=C(C(=C(C=C1)OCC(=O)O)Cl)Cl
608,CC(C)CC1=CC=C(C=C1)C(C)C(=O)O
609,C1=CC=C(C=C1)C[C@H](C(=O)O)NC(=O)C(=O)O
610,C1=CC(=C(C=C1Cl)Cl)Cl
611,CC1=C(N=C2C=CC(=CC2=C1C(=O)O)F)C3=CC=C(C=C3)C4=CC=CC=C4
612,CN1CCN(CC1)C(C2=CC=CC=C2)C3=CC=CC=C3
613,C[C@]12CC[C@H]3[C@H]([C@]1(CC[C@@H]2C4=CC(=O)OC4)O)CC[C@]5([C@@]3(CC[C@@H](C5)O)C=O)O
614,C1=CC(=CC=C1NC2=NC=NC(=C2)N)S(=O)(=O)N
615,CC(=O)O.CC(=O)O.O=[U]=O
616,CC1=CC=CC(=C1O)C(=O)O
617,C[C@@H](/C=C(\C)/C=C/[C@@H]([C@H](C)C(=O)O)N)[C@H](CC1=CC=CC=C1)OC
618,C1=CC=C(C=C1)O
619,CC(CC(C(=O)O)N)C(=O)O
620,CC1=CN(C(=O)NC1=O)C2CCC(O2)CO
621,COC1=CC=CC=C1/C=N\OCCC(=O)O
622,C[C@@H](C1=CC=CN1)C2=C3C=C(C=CC3=NC2=O)NC(=O)N
623,CCO
624,C([C@H]([C@@H](CS)O)O)S
625,COC1=CC=CC(=C1N)C2=CC(=O)C3=CC=CC=C3O2
626,CC(C)NCC(COC1=CC=CC=C1CC=C)O
627,CCN(CC)CCC1=CNC2=CC=CC=C21
628,CC1=C(C=CC2=C3C4=CC(=C(C=C4N=CC3=C(N=C12)N)OC)OC)N
629,C1OC2=C(O1)C(=C(C=C2)Cl)NC3=NC(=NC=C3)NC4=CC=CC(=C4)C(=O)N
630,CC(=O)[O-].CC(=O)[O-].[Co+2]
631,CC1=C(SC(=N1)C)C2=NC(=NC=C2)/N=C/NO
632,C1=CC=C(C=C1)CCCCOCCCCCCNCC(C2=CC(=C(C=C2)O)CO)O
633,CSC[C@@H]1[C@H]([C@H]([C@@H](O1)N2C=CC3=C2N=CN=C3N)O)O
634,C1CN(CCC1(C2=CC=C(C=C2)Cl)O)CCCC(=O)C3=CC=C(C=C3)F
635,CN(C)C1=NC=NC2=C1N=CN2[C@H]3[C@@H]([C@@H]([C@H](O3)CO)N)O
636,C1=CC(=CN=C1)CC(O)(P(=O)(O)O)P(=O)(O)O
637,CC1=CC(=C2C(=C1)C(=O)C3=CC(=CC(=C3C2=O)O)O)O
638,CCCCCCCCCCCCCCCCCC(=O)O
639,C1[C@@H]([C@H](O[C@H]1N2C=C(C(=O)NC2=O)I)CO)O
640,COC1=C(C=C(C=C1)C2=CC=CC=C2)N3CC(=O)NS3(=O)=O
641,C([C@H](CS)O)O
642,COCC#CC[C@H](C(=O)O)NS(=O)(=O)C1=CC=C(C=C1)C2=CC=C(C=C2)OC
643,CN1C=C(C(=N1)C2=CC=C(C=C2)OCC3=NC4=CC=CC=C4C=C3)C5=CC=NC=C5
644,CC(C)CC(=O)SCCNC(=O)CCNC(=O)C(C(C)(C)COP(=O)(O)OP(=O)(O)OCC1C(C(C(O1)N2C=NC3=C2N=CN=C3N)O)OP(=O)(O)O)O
645,CC(C)N1CCN(CC1)C2=CC=C(C=C2)OC[C@H]3CO[C@](O3)(CN4C=NC=N4)C5=C(C=C(C=C5)Cl)Cl
646,C(CC(CC(=O)O)N)CN
647,CC(C=O)O
648,C1=CC=C(C=C1)NC2=CC=CC3=C2C(=CC=C3)S(=O)(=O)O
649,CCCCCCCCCCC[C@@H](C[C@H]1[C@@H](C(=O)O1)CCCCCC)OC(=O)[C@H](CC(C)C)NC=O
650,C1=CC(=C(C=C1[N+](=O)[O-])[N+](=O)[O-])O
651,C1=CC(=CC=C1C2=C(C=NN2)C3=CC=NC=C3)F
652,C(CC(=O)O)C(C(=O)O)N
653,CCCCN1C(=NC2=C1N=C(N=C2N)F)CC3=CC4=C(C=C3)OCO4
654,CN1[C@H](CNC2=C1C(=O)N=C(N2)N)CNC3=CC=C(C=C3)C(=O)N[C@@H](CCC(=O)O)C(=O)O
655,OP(=O)(O)OP(=O)(O)O
656,CC(C(=O)C1=CC(=CC=C1)Cl)NC(C)(C)C
657,C(C1C(C(C(C(O1)OC2C(OC(C(C2O)O)OC3C(OC(C(C3O)O)OC4C(OC(C(C4O)O)O)CO)CO)CO)O)O)O)O
658,CN1CCN(CC1)C(=O)O[C@H]2C3=NC=CN=C3C(=O)N2C4=NC=C(C=C4)Cl
659,C1=CN=C(N=C1)[NH2+]S(=[OH+])(=O)C2=CC=C(C=C2)N.[Ag+]
660,CN(C)CCOC(C1=CC=CC=C1)C2=CC=C(C=C2)Br
661,N#N
662,C1=CC(=CC=C1C2=COC3=CC(=CC(=C3C2=O)O)O)O
663,C1CN(CCN1CCCN2C3=CC=CC=C3SC4=C2C=C(C=C4)C(F)(F)F)CCO
664,CCCC1=NC(=C2N1NC(=NC2=O)C3=C(C=CC(=C3)S(=O)(=O)N4CCN(CC4)CC)OCC)C
665,CC1=C(C(=O)N2CCCCC2=N1)CCN3CCC(CC3)C4=NOC5=C4C=CC(=C5)F
666,C1CCC(C1)NC2=NC=NC3=C2N=CN3C4C(C(C(O4)CO)O)O
667,CCCN1C[C@@H](C[C@H]2[C@H]1CC3=CNC4=CC=CC2=C34)CSC
668,CNS(=O)(=O)CC1=CC2=C(C=C1)NC=C2CCN(C)C
669,CCCCCCCCCCCCCCCCCCO
670,C(C(Br)(Br)Br)O
671,C1C[C@@H](O[C@@H]1COP(=O)(O)O)N2C=CC(=NC2=O)N
672,C1=CC(=C(C=C1[C@@H](CN)O)O)O
673,CC(C(=O)[O-])O.CC(C(=O)[O-])O.[Ca+2]
674,C1C=CC(=C1C(=O)O)C(=O)NC2=C(C(=C(C(=C2F)F)C3=CC(=CC=C3)OC(F)(F)F)F)F
675,CCC(C(=O)C)(C(=O)O)O
676,C1CCN(C1)C(=O)[C@@H]2CN(C[C@@H]2N)C(=O)C3=NC4=CC=CC=C4N=C3
677,CN(CC(=O)O)C(=S)C1=CC=CC2=C1C=CC(=C2C(F)(F)F)OC
678,C1=CC(=CC=C1C(C(=O)O)O)O
679,C(CN(CC(=O)O)CC(=O)O)N(CC(=O)O)CC(=O)O
680,CCCCCCCCO
681,C#CCO
682,C[N+](C)(C)C.[Cl-]
683,C1=NC2=C(C(=N1)N)N=CN2[C@H]3[C@@H]([C@@H]([C@H](O3)CO)O)O
684,CS(=O)(=O)C1=CC=CC(=C1)C(=O)NC[C@@H]2CCCN2C(=O)C[C@@H](CC3=CC(=CC=C3)Cl)N
685,COC1=C(C=C2C(=C1)C(=NC(=N2)N3CCN(CC3)C(=O)C4COC5=CC=CC=C5O4)N)OC
686,COC1=CC(=C(C=C1)OC)CC2=NC3=C(N2)C(=NC(=N3)F)N
687,C1CCC(CC1)COC2=NC(=NC3=C2NC=N3)NC4=CC=C(C=C4)C(=O)N
688,CCCCC(C(=O)O)N
689,C1=CC=C(C=C1)C2=CC(=O)C3=C(O2)C4=CC=CC=C4C=C3
690,CC1=C(C=C2C(=C1)C[C@@H](NS2(=O)=O)C3CCCC3)S(=O)(=O)N4CCN(CC4)C
691,C1=CC=C(C=C1)C2=NC3=C(C=NN3C(=C2)NCC4=CC=NC=C4)Br
692,COC1=C(C(=C(C=C1)F)F)C(=O)C2=CN=C(N=C2N)NC3CCN(CC3)S(=O)(=O)C
693,CC(C)NCC(C1=CC(=CC(=C1)O)O)O
694,CC1=CCC(C=C1)C(C)C
695,C1=CC=C2C(=C1)C(=C3C=CC=CC3=N2)N
696,C1=CC=C2C=C3C=C4C=C5C=CC=CC5=CC4=CC3=CC2=C1
697,CC1=C(NC(=C1C(=O)NC)C)/C=C\2/C3=C(C=CC(=C3)Cl)NC2=O
698,CCCCCCCCCC(=O)O[C@H]1CC[C@@H]2[C@@]1(CC[C@H]3[C@H]2CCC4=CC(=O)CC[C@H]34)C
699,C1=CC=C2C(=C1)C(=CN2)C(C(COP(=O)(O)O)O)O
700,CC1=C(C(=NC(=N1)N)N)C2=CC(=C(C=C2)Cl)Cl
701,C(C(C(=O)O)N)Cl
702,CC(C(=O)O)(Cl)Cl
703,C(Br)Br
704,C1=CC(=CC=C1CN)NC(=O)C(=O)O
705,C1=CC=C(C=C1)CC(=O)NC(=O)N
706,C([C@@H]([C@@H]([C@H]([C@H](C(=O)O)O)O)O)O)O.C([C@@H]([C@@H]([C@H]([C@H](C(=O)O)O)O)O)O)O.[Fe]
707,C(CCC(=O)N)CC(CCS)S
708,C1CNC1C(=O)O
709,C[NH3+].[Cl-]
710,[O-2].[O-2].[O-2].[As+3].[As+3]
711,C1[C@@H]([C@H]([C@@H](CN1CCCC2=CC=CC=C2)O)O)CO
712,C1CNCC2=CC=CC=C21
713,CN(C)CCCN1C2=CC=CC=C2SC3=C1C=C(C=C3)Cl
714,CCN1C2=NC=C(C(=C2C=N1)NC3CCOCC3)C(=O)NCC4=CC=CC=C4
715,C(CCC(=O)O)C[C@H](CCS)S
716,CC(=O)[C@H]1CC[C@@H]2[C@@]1(CC[C@H]3[C@H]2CCC4=CC(=O)CC[C@]34C)C
717,CC(C(C(=O)O)N)O
718,C[C@@]12[C@](C[C@@H](O1)N3C4=CC=CC=C4C5=C6C(=C7C8=CC=CC=C8N2C7=C53)CNC6=O)(C(=O)OC)O
719,C1=C(C(=C(C(=C1Cl)Cl)CC2=C(C(=CC(=C2Cl)Cl)Cl)O)O)Cl
720,CN(C)CCCC1(C2=C(CO1)C=C(C=C2)C#N)C3=CC=C(C=C3)F
721,CC(C)NCC(C1=CC(=C(C=C1)O)O)O
722,C1=CC(=CC2=C1C=CC(=C2)C(F)(F)P(=O)(O)O)C(F)(F)P(=O)(O)O
723,CC1=C(C=C(C=C1)C(=O)NC)NC2=NC=NC3=C2C=NN3C4=CC=CC=C4
724,C1CN(CCC1C2=C(C(=NN2)C3=CC=C(C=C3)Cl)C4=NC=NC=C4)C(=O)CO
725,CCNC1=CC=CC=C1
726,C1=C(NC=N1)C[C@@H](C(=O)O)N
727,CN1CCCC(CC1)N2C(=O)C3=CC=CC=C3C(=N2)CC4=CC=C(C=C4)Cl
728,CC(C)(C)OO
729,CCCN1C=NC2=C1C(=O)N(C(=O)N2C)CCCCC(=O)C
730,C1=CC(=CC=C1C(=O)O)Cl
731,CCNC1=C(C=C2C(=C1)OC3=CC(=[NH+]CC)C(=CC3=C2C4=CC=CC=C4C(=O)OCC)C)C.[Cl-]
732,CCCCCCCC(=O)OCC
733,C1COC2=C([C@]13C(=O)NC(=O)N3)C=C(C=C2)F
734,C[S+](C)CCC(C(=O)O)N
735,C([C@@H]1[C@@H]([C@@H]([C@H]([C@@H](O1)O[C@@H]2[C@H](O[C@H]([C@@H]([C@H]2O)O)O)CO)O)O)O)O
736,CC[C@@H](C)NC1=NC=C(S1)C(=O)NC2=C(C=CC(=C2)C(=O)NC)C
737,CN(C)CCC=C1C2=CC=CC=C2COC3=CC=CC=C31
738,C[S@@](=O)C1=CC=C(C=C1)C2=NC(=C(N2)C3=CC=NC=C3)C4=CC(=CC=C4)I
739,CC1=C(C=C(C=C1)C(=O)NC2=CC(=CC(=C2)N3C=C(N=C3)C)C(F)(F)F)NC4=NC=CC(=N4)C5=CN=CC=C5
740,C[C@]12CC[C@H]3[C@H]([C@@H]1CC[C@]2(C#C)O)CCC4=C3C=CC(=C4)O
741,C1C2=C(C3=CC=CC=C3NC1=O)NC4=C2C=C(C=C4)[N+](=O)[O-]
742,C([C@@H]1[C@@H]([C@@H]([C@H]([C@@H](O1)O[C@H]([C@@H](CO)O)[C@@H]([C@H](C(=O)O)O)O)O)O)O)O
743,C1=CC=C(C(=C1)C(=O)N)NC2=NC(=NC=C2)NC3=CC(=CC=C3)O
744,C/C=C(\C)/CC/C=C(\C)/CC/C=C(\C)/CCC=C(C)C
745,CN1C(CCC1=O)C2=CN=CC=C2
746,C1=CN(C=C1)C(=O)C2=C(C=C(C=C2O)O)O
747,C1=CC(=CC(=C1)O)C2=CC(=O)NS2(=O)=O
748,C([C@@H](C(=O)O)N)SP(=O)(O)O
749,C1=CC(=CC=C1C(C(F)(F)F)(C(F)(F)F)O)NCC(F)(F)F
750,CC(C)CCC(C(C)(C1CCC2(C1(CC(C3C2=CC(=O)C4(C3(CC(C(C4)O)O)C)O)O)C)O)O)O
751,CCCCCCO[C@H]1[C@@H]([C@H]([C@H]([C@H](O1)CO)O)O)O
752,C(CN)C(=O)O
753,C(C(C(=O)O)N)N
754,C(C(C(C(=O)O)O)O)(C(C(=O)O)O)O
755,CCCNCC(COC1=CC=CC=C1C(=O)CCC2=CC=CC=C2)O
756,CC1=NN(C2=CC(=NC=C12)N[C@@H](C)C3=CC=CC=C3)C4=CC=CC(=C4)CCC(=O)N
757,C1=C(C=C(C(=C1O)O)O)C2=C(C(=O)C3=C(C=C(C=C3O2)O)O)O
758,CC(C)(C1=CC=C(C=C1)O)C2=CC=C(C=C2)O
759,CCCCCCCCCCCCCCCCCC(=O)OCC(CO)OC(=O)CCCCCCCC=CCC=CCCCCC
760,C[C@]12CC[C@H]3[C@H]([C@@H]1CCC2=O)CCC4=C3C=CC(=C4)O
761,C1=C(C(=O)NC(=O)N1C[C@@H](C(=O)O)N)Br
762,C1=NC2=C(N1[C@H]3[C@@H]([C@@H]([C@H](O3)COP(=O)(O)OP(=O)(O)O[C@@H]4[C@H]([C@H]([C@@H]([C@H](O4)CO)O)O)O)O)O)NC(=NC2=O)N
763,C[C@@H]1CC[C@H]([C@@H](C1)O)C(C)C
764,C=O
765,C1=C2C(=CC(=C1Cl)S(=O)(=O)N)S(=O)(=O)N[C@@H](N2)C(Cl)Cl
766,CC1=CC(=O)OC2=C1C=CC(=C2)N
767,C=CC(=O)NC1=CC2=C(C=C1)N=CN=C2NC3=CC=CC=C3
768,CC12CCC3C(C1CCC2OC(=O)CCC4CCCC4)CCC5=CC(=O)CCC35C
769,CN1CC[C@@]23C=C[C@@H](C[C@@H]2OC4=C(C=CC(=C34)C1)OC)O
770,CC1(CCC=[N+]1[O-])C
771,C([C@@H]1[C@H]([C@@H]([C@H]([C@H](O1)O[C@@H]2[C@@H]([C@H]([C@@H]([C@H](O2)CO)O)O)O)O)O)O)O
772,C(C1C(C(C(C(=O)O1)O)O)O)O
773,C1CCC2=C(P(C(=C2C1)C3=CC=CC=N3)C4=CC=CC=C4)C5=CC=CC=N5
774,CN(CCCCCCCCCCN(C)C(=O)OC1=CC=CC(=C1)[N+](C)(C)C)C(=O)OC2=CC=CC(=C2)[N+](C)(C)C.[Br-].[Br-]
775,C1=CC(=C(C=C1N)C(=O)O)O
776,CC(CC1=CC=C(C=C1)Cl)N
777,C(=O)O.N
778,C(CS)[C@@H](C(=O)O)N
779,C(C(Br)Br)(Br)Br
780,CC(=O)CO
781,C1=CC(=C(C=C1C[C@@H](C(=O)O)N)F)O
782,CCN(CC)CC#CCOC(=O)C(C1CCCCC1)(C2=CC=CC=C2)O
783,COC1=C(C=C2C(=C1)C(=NC=N2)NC3=CC(=CC=C3)O)OC
784,C1=CC(=CC(=C1)[N+](=O)[O-])N
785,C(CNC(CO)(CO)CO)CNC(CO)(CO)CO
786,C1=CC(=CC=C1CCN)O
787,CN1C2=C(N=C1C3=CC=C(C=C3)S(=O)(=O)O)N(C(=O)N(C2=O)CC=C)C
788,C1=CC=C(C=C1)CN
789,C[C@H]1C[C@H]2[C@@H]3CC[C@@]([C@]3(C[C@@H]([C@@H]2[C@@]4(C1=CC(=O)C=C4)C)O)C)(C(=O)CO)O
790,C(C=O)Cl
791,CC1=C(C=CC(=C1C)OCCCC(=O)O)NC(=O)NC(=O)C2=C(C=C(C=C2)Cl)Cl
792,CN1C2=C(C=CC(=C2)Cl)C3=C1C(=O)NC4([C@@H]3C#N)CCNCC4
793,C1CCC(CC1)O
794,CCN(CC)CCNC(=O)C1=CC(=C(C=C1OC)N)Cl
795,CCC1=CC=CC=C1
796,C1=CC(=CC=C1CCNC2=NC=NC3=C2N=CN3C4C(C(C(O4)CO)O)O)N
797,CCN(CC)C(=O)[C@H]1CN([C@@H]2CC3=CNC4=CC=CC(=C34)C2=C1)C
798,C1COCCC1(CS(=O)(=O)C2=CC=C(C=C2)OC3=CC=C(C=C3)Cl)C(=O)NO
799,CCCCCCCCCC=O
800,C1[C@@H]([C@H](O[C@H]1N2C=C(C(=O)NC2=O)F)COP(=O)(O)O)O
801,CC(=O)N[C@@H](CC1=CC=CC=C1)C(=O)N[C@@H](CC2=CC=C(C=C2)[C@@H]3CC(=O)NS3(=O)=O)C(=O)N
802,C(CC(=O)C(=O)O)CC(=O)O
803,C1=CC2=NC=CN=C2C=C1/C=C\3/C(=O)NC(=O)S3
804,CC(C)C(C(=O)NC(CC(=O)O)C=O)NC(=O)C(CCC(=O)O)NC(=O)C(CC(=O)O)NC(=O)C
805,CC(C)C[C@H](CC(=O)NO)C(=O)N[C@@H](CC1=CC=CC=C1)C(=O)NC
806,C([C@@H](C(=O)O)N)SCC(=O)O
807,C[N+](C)(C)C1=CC=CC=C1.[OH-]
808,CCC(=O)N
809,C[C@]12CC[C@@H](C([C@@H]1CC[C@@]3([C@@H]2CC=C4[C@]3(CC[C@@]5([C@H]4CC(CC5)(C)C)C(=O)O)C)C)(C)C)O
810,CC(C)(C)C(=O)O
811,C(=C(F)F)Cl
812,CC1=C(C=NO1)C(=O)NC2=CC=C(C=C2)C(F)(F)F
813,CC1=C(SCCO1)C(=O)NC2=CC=CC=C2
814,CC(C)(C)NCC(C1=CC(=C(C=C1)O)CO)O
815,CC(=O)O[C@]1(CC[C@@H]2[C@@]1(CC[C@H]3[C@H]2CCC4=CC(=O)CC[C@H]34)C)C#C
816,CC(=C)CCOP(=O)(O)OP(=O)(O)O
817,CCCC1=N[C@@H]2[C@H]([C@@H]([C@H](O[C@@H]2S1)CO)O)O
818,CN1CCC(=C2C3=C(C(=O)CC4=CC=CC=C42)SC=C3)CC1
819,CC(C)C(CCCN(C)CCC1=CC(=C(C=C1)OC)OC)(C#N)C2=CC(=C(C=C2)OC)OC
820,C[C@]12CCC(=O)C=C1CC[C@@H]3[C@@]2([C@H](C[C@]4([C@H]3CC[C@]4(C)O)C)O)F
821,C1=NC2=C(N1COCCO)NC(=NC2=O)N
822,C[C@@H]1C2=NC(=NN2CCN1C(=O)C[C@@H](CC3=CC(=C(C=C3F)F)F)N)C(F)(F)F
823,CC#CCNC1=CC=C(C=C1)S(=O)(=O)CC2(CCN(CC2)C(=O)OC(C)(C)C)C(=O)NO
824,CNNC
825,CCCC(=O)C
826,C1=NC2=C(C(=N1)N)N=CN2[C@H]3[C@@H]([C@@H]([C@H](O3)COP(=O)(O)OP(=O)(O)OC[C@@H]4[C@H]([C@H]([C@H](O4)O)O)O)O)O
827,C[C@]12CC[C@H]3[C@H]([C@@H]1CCC2=O)CC=C4[C@@]3(CC[C@@H](C4)O)C
828,COC(=O)C(CC1=CC=CC=C1)(CC2=CC=C(C=C2)NS(=O)(=O)O)C(=O)OC
829,CCC(C)CO
830,C[C@]12CCC(=O)C=C1CC[C@@H]3[C@@H]2CC[C@]4([C@H]3CCC4=O)C
831,CCNC1CC(S(=O)(=O)C2=C1C=C(S2)S(=O)(=O)N)C
832,CC1=CC=C(C=C1)SC2=CC=CC3=C2C(=NC(=N3)N)N
833,C1=CC(=CC=C1N)Cl
834,CN(CCCCON)C[C@@H]1[C@H]([C@H]([C@@H](O1)N2C(=NC3=C2N=CN=C3N)C=C)O)O
835,CC(=O)NC1=CC=CC=C1
836,C1=CC=C2C(=C1)C(=CN2)C[C@@H](C(=O)O)N
837,C1=CC2=C(C(=C1)OCC(COC3=CC=CC4=C3C(=O)C=C(O4)C(=O)[O-])O)C(=O)C=C(O2)C(=O)[O-]
838,CCOC1=C(C(=CC(=N1)NC(=O)CC2=CC(=C(C=C2OC)Br)OC)N)C#N
839,CC(C)C1=NN2C=CC=CC2=C1C(=O)C(C)C
840,CN1[C@@H]2CC[C@H]1CC(=O)C2
841,C1=CC(=CC=C1/C=C/C2=CC(=CC(=C2)O)O)O
842,C1CCC(=O)CC1
843,C1CO1
844,C([C@@H]1[C@H]([C@@H]([C@H]([C@H](O1)O[C@@H]2[C@H](O[C@H]([C@@H]([C@H]2O)O)O)CO)O)O)O)O
845,CC(C)(C(=O)O)C(=O)O
846,CCCCCCCCCCCCCCCCCCCCCC(=O)O
847,C([C@H](C([C@H](CO)O)O)O)O
848,C1CN(CCC1O)C(=O)[C@H](CC2=CC=C(C=C2)F)NC(=O)C3=CC4=C(N3)C=CC(=C4)Cl
849,C[C@H](CCC(=O)O)[C@H]1CC[C@@H]2[C@@]1(CC[C@H]3[C@H]2CC[C@H]4[C@@]3(CC[C@H](C4)O)C)C
850,C1CN2C(=NN=C2C(F)(F)F)CN1C(=O)C[C@@H](CC3=CC(=C(C=C3F)F)F)N
851,C1CN2C(=N1)C3=CC=CC=C3C2(C4=CC=C(C=C4)Cl)O
852,C(C(C(C(C(C(=O)O)O)O)O)O)O
853,COC1=C(C=C(C=C1)CC2=NC=CC3=CC(=C(C=C32)OC)OC)OC
854,CC1=CC2=C(C=C1C)N(C3=NC(=O)NC(=O)C3=N2)CC(C(C(COP(=O)(O)OP(=O)(O)OCC4C(C(C(O4)N5C=NC6=C5N=CN=C6N)O)O)O)O)O
855,C1CC=C(C2=C(C1)ONC2=O)C[C@@H](C(=O)O)N
856,CNC(=C)C(=O)O
857,COC(=O)CC(=O)OC
858,COC1=C(C=C2C(=C1)C(=NC(=N2)N3CCN(CC3)C(=O)C4CCCO4)N)OC
859,CC1=C(SC=[N+]1CC2=CN=C(N=C2N)C)CCO
860,CSC1=NC=NC2=C1N=CN2[C@H]3[C@@H]([C@@H]([C@H](O3)CO)O)O
861,CCOC(=O)C(CCNC(=O)OC(C)(C)C)(CC1=CC=C(C=C1)NS(=O)(=O)O)C(=O)OCC
862,COC1=C(C=C2C(=C1)C(=NC=N2)N3CC[C@H](C3)OC4=CC5=CC=CC=C5C=C4)OC
863,CCCCCCCCOCCOCCOCCOCCOCCO
864,CCCCCCCCS[C@H]1[C@@H]([C@H]([C@@H]([C@H](O1)CO)O)O)O
865,CC(=O)CCCCN1C(=O)C2=C(N=CN2C)N(C1=O)C
866,CCCCC(=O)O
867,C[C@@H]([C@H](C1=CC=CC=C1)O)NC
868,C1=CC(=C(N=C1)C(=O)O)C(=O)O
869,CC1=C(C=C(C=C1)C(=O)NC2CC2)C3=C(C=C(C=C3)C4=NN=C(O4)C)C
870,CCCCCC1=CC2=C([C@@H]3C=C(CC[C@H]3C(O2)(C)C)C)C(=C1)O
871,CCC(C)C(=O)O
872,C1=CN(C(=O)NC1=O)[C@H]2[C@@H]([C@@H]([C@H](O2)COP(=O)(O)OP(=O)(O)O)O)O
873,C1=CC2=C(C=C1Cl)N(C(=O)N(C2=O)CC3=C(C=C(C=C3)Br)F)CC(=O)O
874,COC1=CC=C(C=C1)NC2=C(C(=O)N(C2=O)CC3=CC=CC=C3)C4=CC=CC=C4
875,C1=CC(=CC=C1C(=O)O)O
876,C1[C@@H]2[C@H]([C@H]([C@@H](O2)N3C=NC4=C3N=CN=C4N)O)OP(=O)(O1)O
877,CC(C)CO
878,C(CC(C(F)F)(C(=O)O)N)CN
879,CC1=C(C=C(C=C1)C(=O)NC)N2C(=CC(=C(C2=O)Br)OCC3=C(C=C(C=C3)F)F)C
880,CCCCCC(C=CC1C(CC(=O)C1CC=CCCCC(=O)O)O)O
881,CCC#N
882,CC(C)[C@@H](C(=O)O)N
883,CC[C@H]1CN2CCC3=CC(=C(C=C3[C@@H]2C[C@@H]1C[C@@H]4C5=CC(=C(C=C5CCN4)OC)OC)OC)OC
884,C=C(CC(=O)O)C(=O)O
885,CCOC1=C(C=CC(=N1)C(=O)NCC2=C(C=CC(=C2)OC)OC)C#N
886,C(C(=O)C(=O)O)S
887,C1=NC2=C(N1)C(=O)NC(=O)N2
888,CN(C)S(=O)(=O)C1=CC2=C(C=C1)SC3=CC=CC=C3N2CCCN4CCC(CC4)CCO
889,C[C@]12CC[C@H]3[C@H]([C@@H]1CC[C@H]2O)CCC4=CC(=O)CC[C@]34C
890,CN1C=C(C2=CC=CC=C21)C3=C(C(=O)NC3=O)C4=CN(C5=CC=CC=C54)CCCN
891,O.O.O.[Co]
892,CCC(C(=O)O)N
893,C1=NC2=C(N1C3C(C(C(O3)COP(=O)(O)OP(=O)(O)OC4C(C(C(C(O4)CO)O)O)O)O)O)NC(=NC2=O)N
894,CC(CC(=O)O)(CC(=O)O)O
895,C1[C@@H](C(=O)N(C2=CC=CC=C21)CC(=O)N)NC(=O)C3=CC4=C[C@@H](SC4=N3)Cl
896,CC1=C(C=CC=[N+]1CC2=CN=C(N=C2N)C)CCOP(=O)(O)OP(=O)(O)O
897,CN1C(=O)CN=C(C2=C1C=CC(=C2)Cl)C3=CC=CC=C3
898,C1C(=O)NC2=C(C=C(C=C2)Cl)C(S1)C3=CC=CC=C3Cl
899,C1CN(CCN1C/C=C/C2=CC=CC=C2)C(C3=CC=C(C=C3)F)C4=CC=C(C=C4)F
900,CN1CCN(CC1)CCCN2C3=CC=CC=C3SC4=C2C=C(C=C4)Cl
901,CN(C)CC(C1=CC=C(C=C1)OC)C2(CCCCC2)O
902,C[C@H](C(C)(C)C)O[P@H](=O)C
903,CC1=CC=CC2=C1C(=O)N(C2=O)C3=C(C=CC(=C3)C4=CC=CC=C4)O
904,CC(C)CCOP(=O)(O)OP(=O)(O)O
905,C1=CC=C2C(=C1)C(=CN2)CC(C(=O)O)N
906,C1CNCCN(C1)S(=O)(=O)C2=CC=CC3=C2C=CN=C3
907,C(CSC(=N)N)N
908,C1C2CC3CC1CC(C2)(C3)N
909,C1=CC(=C(C=C1I)F)NC2=C(C=CC(=C2F)F)C(=O)NOC[C@@H](CO)O
910,CC1=C(N=CN1)CN2CCC3=C(C2=O)C4=CC=CC=C4N3C
911,C1=CC(=CC=C1CSC2=NC=NC3=C2N=CN3C4C(C(C(O4)CO)O)O)[N+](=O)[O-]
912,C[N+](C)(C)CC(CC(=O)O)O
913,CC(CO)N
914,CC1=CC=C(C=C1)C2=NN(C3=C2C(=NC=N3)N)C(C)(C)C
915,C1=CC(=C(C=C1[N+](=O)[O-])[N+](=O)[O-])Cl
916,CCCCC1=C2C(=NC=CN2)NC1=C3C=CC(=O)C=C3
917,CNCCNC
918,CC1=C(SC(=N1)NC)C2=NC(=NC=C2)NC3=CC=C(C=C3)O
919,CC/C=C\C/C=C\C/C=C\C/C=C\C/C=C\C=C\[C@H](CCC(=O)O)O
920,C1=CC(=CC(=C1)OC[C@H](CO)O)C(=O)C2=C(N(N=C2)C3=CC=C(C=C3)F)N
921,C1C(C(OC1N2C=C(C(=O)NC2=O)I)CO)O
922,CN1CCC2(CC1)[C@@H](C3=C(C(=O)N2)N(C4=C3C=CC(=C4Cl)Cl)C)C#N
923,C[C@@H](CC1=CC=CC=C1)N.C[C@@H](CC1=CC=CC=C1)N.OS(=O)(=O)O
924,C(CCC(=O)O)CC(CCS)S
925,C1C(C(OC1N2C=NC3=C2NC(=NC3=O)N)COP(=O)(O)O)O
926,C1=CC=C2C(=C1)C(=C(N2)C3=C4C=CC=CC4=NC3=O)NO
927,COCCOC
928,C(CON=C(N)N)[C@@H](C(=O)O)N
929,CNN
930,C1=CC(=CC(=C1)[N+](=O)[O-])C(=O)NC2=CC(=C(C=C2)OC3=CC(=C(C=C3)C(=O)O)C(=O)O)NC(=O)C4=CC(=CC=C4)[N+](=O)[O-]
931,CCCCN1C[C@@H]([C@H]([C@@H]([C@H]1CO)O)O)O
932,B([C@@H]1CCCN1C(=O)[C@@H]2CCCN2)(O)O
933,CCCC1=NC2=C(C=C(C=C2N1CC3=CC=C(C=C3)C4=CC=CC=C4C(=O)O)C5=NC6=CC=CC=C6N5C)C
934,C1=CC(=C(C(=C1)Cl)Cl)C2=NC3=C(C=NN3C(=C2)NCC4=CC=NC=C4)SC#N
935,C1=CC=C2C(=C1)C(=CN2)C[C@@H](C(=O)OP(=O)(O)OC[C@@H]3[C@H]([C@H]([C@@H](O3)N4C=NC5=C4N=CN=C5N)O)O)N
936,C1=CC(=C(C=C1N)O)C(=O)O
937,C(CP(=O)(O)O)C(=O)O
938,CC#CCOC1=CC=C(C=C1)S(=O)(=O)N2CCSC([C@@H]2C(=O)NO)(C)C
939,COC1=CC(=CC(=C1OC)OC)CC2=CN=C(N=C2N)N
940,C1=CC=C(C=C1)C(C(=O)O)N
941,C1C=C[C@H]2C(=C1)C=CC3=C(N2CC4=CN=C5C(=N4)C(=NC(=N5)N)N)C=CC(=C3)O
942,C1=CC(=C(C(=C1Cl)C(=O)O)Cl)Cl
943,C=CCBr
944,COC1=C(C=CC(=C1)CS(=O)(=O)C)NC2=NC3=C(C=CN3)C(=N2)NC4=C(C(=CC=C4)F)C(=O)N
945,CN(CC1=CN=C2C(=N1)C(=NC(=N2)N)N)C3=CC=C(C=C3)C(=O)N[C@@H](CCC(=O)O)C(=O)O
946,C1=CC=C2C(=C1)C=CC=C2N
947,C(C(=O)[O-])C(CC(=O)[O-])(C(=O)O)O.[Mg+2]
948,CCCCCCCCCCCC(=O)O
949,COC1=C(C=C2C3=C(C4=CC5=C(C=C4C3)OCO5)[NH+]=CC2=C1)OC
950,C[C@@H]([C@H]1CC[C@@]2([C@@]1(CC[C@H]3C2=CC(=O)[C@H]4[C@@]3(C[C@@H]([C@@H](C4)O)O)C)C)O)[C@@H](CCC(C)(C)O)O
951,C#C
952,C1=CC=C2C(=C1)C(=O)C=C(O2)O
953,C1[C@@H]([C@H](O[C@H]1N2C=NC3=C2N=CN=C3N)COP(=O)(O)OP(=O)(O)OP(=O)(O)O)O
954,CC1=CC=CC=C1NC(=NC2=CC=CC=C2C)N
955,C1(=NONC1=O)C(=O)O
956,C1=CC(=CC=C1C(=O)O)[Hg]
957,C1CN(CCN1CCCN2C(=O)N3C=CC=CC3=N2)C4=CC(=CC=C4)Cl
958,C1=CC(=CC=C1C[C@@H](C(=O)O)N)I
959,C(=O)(C(=O)O)O
960,C=CC(CCC(=O)O)N
961,CC1=C(C(=O)N2CCCC(C2=N1)O)CCN3CCC(CC3)C4=NOC5=C4C=CC(=C5)F
962,C1COCCN1C2=CC=C(C=C2)SC3=CC=CC4=C3C(=NC(=N4)N)N
963,C1=CC=C(C=C1)C2=NC3=C(C=NN3C(=C2)NCC4=CN=CC=C4)CO
964,C(C1C(C(C(C(O1)O)O)O)O)O
965,C1CCC(CC1)(C2=CC=CC=C2)N3CCCCC3
966,CC1=CN(C(=O)N=C1N)[C@H]2CC([C@H](O2)CO)O
967,CN(CCC1=CC=C(C=C1)NS(=O)(=O)C)CCOC2=CC=C(C=C2)NS(=O)(=O)C
968,CCCOC1=C(C=CC(=C1)[C@@]2(CNC(=O)O2)C)OC
969,CN1C=NC2=C1C(=C(C(=C2)C#N)C3=CC=CC=C3Cl)CN
970,C(=O)C(Cl)Cl
971,CC1(COC(C(C1NC)O)OC2C(CC(C(C2O)OC3C(C(C(C(O3)CN)O)O)O)N)NC(=O)C(CN)O)O
972,CN1C2=C(N=CC(=C2)C3=CC=CC=C3)N=C1N
973,C1CCN2C(C1)NC(=O)C23CCN(CC3)CCCN4C5=CC=CC=C5CCC6=C4C=C(C=C6)Cl
974,C1=CC(=CN=C1)C(=O)N
975,CS[C@@H]1[C@H]([C@H]([C@H]([C@H]1O)O)O)NCC2=CC=CC=C2
976,C1CNCC2=C1C=CC(=C2)I
977,COC1=CC(=CC(=C1OC)OC)C(C(=O)N2CCCC[C@H]2C(=O)O[C@@H](CCCC3=CC=CC=C3)CCCC4=CN=CC=C4)(F)F
978,C1CCC(CC1)NCCCS(=O)(=O)O
979,CN(C)CCCN1C2=CC=CC=C2SC3=CC=CC=C31
980,C1=CC(=C(C=C1O)O)C(=O)O
981,COCCOCCOCCOCCOCCO
982,CC(C)CCNC1=NC(=NC2=C1N=CN2[C@H]3[C@@H]([C@@H]([C@H](O3)COP(=O)(O)O)O)O)SC
983,CC(C)C(=O)C(=O)O
984,CCOC(=O)C1=C(N(N=C1C)C2=CC=CC=C2Cl)C
985,C1=C(C(=O)NO1)C(=O)O
986,CC(C)(C(=O)O)N
987,C1CCN(CC1)CCOC2=CC=C(C=C2)C(=O)C3=C(SC4=C3C=CC(=C4)O)C5=CC=C(C=C5)O
988,C1=CN(C(=O)NC1=O)C2C(C(C(O2)CO)O)O
989,C1C[C@H](N([C@H]1C2=CC=CC=C2)C(=O)CNC(=O)[C@H](CC3=CC=CC=C3)S)C(=O)O
990,CC(=O)C1=CC=CC(=C1)C2=CN=C3N2N=C(C=C3)NCC4CC4
991,CC(C)NCC(COC1=CC=C(C=C1)CCOCC2CC2)O
992,CCOC(=O)C(=C)C
993,C[C@@H]1[C@H]([C@@H]([C@H]([C@H](O1)O[C@@H]2[C@H](O[C@@H]([C@@H]([C@H]2O)O)O[C@@H]3[C@H](O[C@@H]([C@@H]([C@H]3O)O)O)CO)CO)O)O)N[C@H]4C=C([C@H]([C@@H]([C@H]4O)O)O[C@@H]5[C@@H]([C@H]([C@@H]([C@H](O5)CO)O[C@@H]6[C@@H]([C@H]([C@@H]([C@H](O6)CO)O)O)O)O)O)CO
994,CN(C)C[C@@H](COC1=CC=C(C=C1)NC2=NC=CC(=N2)NC3=C(C=CC(=C3)Cl)Cl)O
995,C(C1C(C(C(C(O1)O)O)O)O)OP(=O)(O)O
996,C1=CC=C(C(=C1)O)F
997,CN(C)CCO
998,C1=CC=C(C(=C1)C(=O)O)C(=O)O
999,CC(=C)C(=O)OC
1000,C(CCl)O
1001,C(C(F)(F)F)O
1002,CNCCO
1003,C(=O)(C(F)(F)F)O
1004,C1=CC(=C(C=C1C2=C(C(=O)C3=C(O2)C=C(C=C3)O)O)O)O
1005,CO/C=C(\C1=CC=CC=C1/C=C/C2=CC=CC=C2)/C(=O)OC
1006,CC(C)[C@H](C(=O)NO)N(CC1=CN=CC=C1)S(=O)(=O)C2=CC=C(C=C2)OC
1007,CC(C)C[C@H](CC(=O)NO)C(=O)N[C@@H](CC1=CNC2=CC=CC=C21)C(=O)NC
1008,CNCCC1=CC(=C(C=C1)O)O
1009,C1CNCCC1N2C=NC(=C2C3=NC(=NC=C3)N)C4=CC=C(C=C4)F
1010,CC(C)C[C@H](N)P(=O)(O)O
1011,C1=C(C2=C(N1)C(=O)N=CN2)C3C(C(C(O3)CO)O)O
1012,CC(C)(C)CC(C)(C)C1=CC=C(C=C1)OCCO
1013,CC1([C@@H](N(CCS1)S(=O)(=O)C2=CC=C(C=C2)OCC#CCN)C(=O)NO)C
1014,CC1=C(C=C(C=C1)NC(=O)C2=CC=C(C=C2)CN3CCN(CC3)C)NC4=NC=CC(=N4)C5=CN=CC=C5
1015,C(CS[C@@H](CC(=O)O)C(=O)O)N=C(N)N
1016,C1[C@@H]([C@H](O[C@H]1N2C=NC3=C2N=CN=C3N)COP(=O)(O)O)O
1017,C1CNCCC1NC(=O)C2=C(C=NN2)NC(=O)C3=C(C=CC=C3Cl)Cl
1018,C1=CC=C2C(=C1)C3=CC=CC=C3C4=CC=CC=C24
1019,C1=C(C(=O)NC(=O)N1C[C@@H](C(=O)O)N)I
1020,C1[C@@H](C(=O)N(C2=CC=CC=C21)CC(=O)NCCO)NC(=O)C3=CC4=C(N3)SC(=C4)Cl
1021,C1=CC2=C(C=CN=C2)C(=C1)S(=O)(=O)NCCNC/C=C/C3=CC=C(C=C3)Br
1022,C1COCCN1C2=CC(=CC=C2)NC3=NC=CC(=N3)NC4=C(C=CC5=C4OCO5)Cl
1023,C1=CC=C2C=NC=CC2=C1
1024,CC1=CC=CC2=C1CCNC2=O
1025,C1=C(C=C(C(=C1Br)O)Br)Br
1026,C1CCC(CC1)(CC(=O)O)CN
1027,C([C@@H](C(=O)O)N)C(=O)OP(=O)(O)O
1028,C1=CC=C2C(=C1)C=CC=C2COC3=C(N=CC=C3)N
1029,C1=NC2=C(N1C3C(C(C(O3)CO)O)O)NC(=NC2=O)N
1030,C1=CC=C2C(=C1)C=CC=C2CC(=O)O
1031,CCCC=O
1032,C1=CC(=CC(=C1)Cl)C(=O)O
1033,C1=NC(=O)C2=C(N1)N(C=N2)[C@H]3[C@@H]([C@@H]([C@H](O3)COP(=O)(O)OP(=O)(O)OP(=O)(O)O)O)O
1034,C[C@H](/C=C(\C)/C=C/C(=O)NO)C(=O)C1=CC=C(C=C1)N(C)C
1035,C1C(C1C(=O)O)C(C(=O)O)N
1036,CC(C)N1C2=NC(=NC=C2N=C1NC3=CC=CC=C3F)OC4=C(C=CC=C4F)F
1037,CCCCCCCCCCCCO
1038,C([C@@H](C(=O)O)N)C(=O)O
1039,C1=CC=C(C=C1)[C@@H](CC2=CC(=C(C=C2)C(F)(F)P(=O)(O)O)Br)C(=O)C3=CC=CC=C3
1040,CC1=C(C(=NC(=N1)N)N)C#CC(C)(C)C2=CC(=C(C(=C2)OC)OC)OC
1041,CC(C)CCSP(=O)(O)OP(=O)(O)O
1042,C(CCCC(=O)O)CCC(=O)O
1043,CC(C)(C)O
1044,C1=CC=C2C(=C1)N=C(S2)[C@H](C#N)C3=NC(=NC=C3)NCCC4=CN=CC=C4
1045,CC(C)(C(Cl)(Cl)Cl)O
1046,CC#C[C@@]1(CC[C@@H]2[C@@]1(C[C@@H](C3=C4CCC(=O)C=C4CC[C@@H]23)C5=CC=C(C=C5)N(C)C)C)O
1047,C1=C(C(=O)NC(=O)N1C[C@@H](C(=O)O)N)F
1048,CCOC1=CC=CC=C1O[C@H]([C@@H]2CNCCO2)C3=CC=CC=C3
1049,CC1=CC(NC2=CC=CC=C12)(C)C
1050,CC1=NC=C(C(=C1O)CNOCC(=O)O)COP(=O)(O)O
1051,C1C[C@H](NC1)CN
1052,C1=CC2=C(C(=C1)O)N=CC=C2
1053,C1CNCCN1
1054,CC(C)CC(=O)C
1055,C(CCO)CO
1056,CC1=C(C(=CC=C1)C)N
1057,C[C@@]1(C(=O)N2[C@H](C(=O)N3CCC[C@H]3[C@@]2(O1)O)CC4=CC=CC=C4)NC(=O)[C@@H]5C[C@H]6[C@@H](CC7=CNC8=CC=CC6=C78)N(C5)C
1058,C1=CC=C2C(=C1)C3=CC=CC=C3N2
1059,CCCCN1C2=C(C(=O)N(C1=O)CC=C)NC(=N2)CC3=CC=C(C=C3)NC(=O)C
1060,C[C@H]([C@@H](C(=O)O)N)O
1061,CC(C)C[C@H](C(=O)NO)N(CC1=CC=CC=C1)[P@@](=O)(C)C2=CC=CC=C2
1062,C1[C@H]([C@@H]([C@H](O[C@@H]1O)CO)O)O
1063,C1CCC(CC1)COC2=NC(=NC3=C2NC=N3)NC4=CC=CC=C4
1064,C1CN1
1065,CC1=NC=C(C(=N1)N)CN
1066,C1=CC(=CC=C1C2=CC=C(O2)/C=C\3/C(=O)N=C(S3)N)C(=O)O
1067,CN(C)CCC(C1=CC=C(C=C1)Br)C2=CC=CC=N2
1068,CCC(C)O
1069,CO[C@H]([C@H](C=O)O)[C@@H]([C@@H](CO)O)O
1070,C1CCC(CC1)COC2=NC(=NC(=C2N=O)N)NC3=CC=C(C=C3)C(=O)N
1071,C(CS)C(=O)O
1072,CC[C@H](CO)NC1=NN2C(=NC=C2C3=CC=C(C=C3)C(=O)O)C=C1
1073,C(C(C(=O)O)O)OP(=O)(O)O
1074,C[C@]12CC[C@H]3[C@H]([C@@H]1CC[C@@H]2C(=O)NC(C)(C)C)CC[C@@H]4[C@@]3(C=CC(=O)N4)C
1075,CC(C)(COP(=O)(O)OP(=O)(O)OCC1C(C(C(O1)N2C=NC3=C2N=CN=C3N)O)OP(=O)(O)O)C(C(=O)NCCC(=O)NCCS)O
1076,C1CCCNCC1
1077,C1=CC2=C(C=CN=C2)C(=C1)S(=O)(=O)NCCNCCOCC3=CC=C(C=C3)Cl
1078,CC(=O)OCC[N+](C)(C)C
1079,CC(CO)C(=O)O
1080,COC1=C(C=C2C(=C1)C(=NC=N2)NC3=C(C=CC4=C3OCO4)Cl)OCCCN5CCCCC5
1081,CC(CN1C2=CC=CC=C2SC3=CC=CC=C31)CN(C)C
1082,C1=CC=C(C(=C1)C(=O)CCC(=O)O)N
1083,CCCO
1084,C1(=C(C(=C(C(=C1Cl)Cl)Cl)Cl)Cl)Cl
1085,C=CCN1C2=C(C=CC=C2C(F)(F)F)/C(=C\3/C=CC(=O)C=C3O)/N1
1086,CCCCC(CC)CO
1087,CC1=C2CCC3=C2C(=CC4=C3C=CC5=CC=CC=C54)C=C1
1088,CCCCCCCCCCCCCCCCOCC(COP(=O)([O-])OCC[N+](C)(C)C)OC(=O)NC
1089,CC(=O)SCCNC(=O)CCNC(=O)C(C(C)(C)COP(=O)(O)OP(=O)(O)OC[C@@H]1[C@H]([C@H]([C@@H](O1)N2C=NC3=C2N=CN=C3N)O)OP(=O)(O)O)O
1090,CCCCCCCCCCCCC/C=C/[C@H]([C@H](CO[C@H]1[C@@H]([C@H]([C@H]([C@H](O1)CO)O)OS(=O)(=O)O)O)NC(=O)CCCCCCCCCCCCC/C=C\CCCCCCCC)O
1091,CC1=CC(=NO1)NS(=O)(=O)C2=CC=C(C=C2)N
1092,CC(C)OC(=O)C
1093,CCCCCN(C)CCC(O)(P(=O)(O)O)P(=O)(O)O
1094,CN(C)CC(C1=CC=C(C=C1)O)C2(CCCCC2)O
1095,CC(C)(C)C1=NN(C(=C1)NC(=O)NC2=CC=CC3=CC=CC=C32)C4=CC(=CC=C4)N
1096,C1=CC=C(C=C1)C(=O)[O-]
1097,CC(=O)CCC(=O)C
1098,C1=CC=C2C(=C1)C(=C3N2C4=CC=CC=C4C(=O)N3)CC(=O)O
1099,C(C(=O)O)NCC(=O)O
1100,C1CCNCC1
1101,II
1102,COC1=CC=CC(=C1)C(=O)N
1103,C1=C2C(=NC=N1)N=CN2
1104,CC(=O)NCCC1=CC=CC2=C1C=C(C=C2)OC
1105,C1(=C(C(=C(C(=C1Br)Br)Br)Br)Br)O
1106,CCCN(CCC)CCC1=C2CC(=O)NC2=CC=C1
1107,C=CCCCCCCCCC(=O)O
1108,CC1CCCO1
1109,C1C[C@H](N(C1)C(=O)C[C@@H](CC2=CC=CC=C2F)N)CNC(=O)C3=CC=CC=C3
1110,CNS(=O)(=O)C1=CC=C(C=C1)C2=CC=C(O2)/C=C\3/C(=O)N=C(S3)N
1111,COC1=C(C=C(C=C1)C(=O)NC2=C(C=NC=C2Cl)Cl)OC3CCCC3
1112,CNCCCC12CCC(C3=CC=CC=C31)C4=CC=CC=C24
1113,C1=CC=NC(=C1)C2=CC=CC=N2
1114,CC(C)(C)C1=CC(=NN1)NC(=O)NC2=CC(=C(C=C2)Cl)COC3=CN=CC=C3
1115,C1=CC=C(C=C1)CO
1116,CC[C@H](C)[C@@H](C(=O)O)N
1117,CC1CCN=C(S1)N
1118,CC1=CC(=CC(=C1O)C)/C=C/C2=CC=CC=C2
1119,C1=CC(=C(C=C1C[C@@H](C(=O)O)N)[N+](=O)[O-])O
1120,CC(C)NCC(COC1=CC=C(C=C1)CC(=O)N)O
1121,CC1=C(C(=NO1)C2=CC=CC=C2)C(=O)NC3C4N(C3=O)C(C(S4)(C)C)C(=O)[O-]
1122,C1CN(CCN1CCOCC(=O)O)C(C2=CC=CC=C2)C3=CC=C(C=C3)Cl
1123,CC(C)(C)C1=C(C(=NS1)[O-])C[C@@H](C(=O)O)[NH3+]
1124,CC1=CC=CC=C1OCC(CO)O
1125,C1=CC=C(C=C1)COC2=C(N=CC=C2)N
1126,C1=CC2=C(C(=C(N2O)C3=CC=NC=C3)C4=CC=C(C=C4)F)N=C1
1127,C(=O)C(=O)O
1128,C1=CC(=C(C2=C1C(=O)C3=C(C=CC(=C3C2=O)O)O)O)O
1129,C1=CC2=C(C=C1O)C(=CN2)CC(C(=O)O)N
1130,CC(CC1=CC=CC=C1)N(C)CC#C
1131,CC(C)NC(C)C
1132,CC(CC1=CNC2=CC=CC=C21)N
1133,CC(C(=O)O)C(=O)SCCNC(=O)CCNC(=O)C(C(C)(C)COP(=O)(O)OP(=O)(O)OCC1C(C(C(O1)N2C=NC3=C2N=CN=C3N)O)OP(=O)(O)O)O
1134,COC1=C(C(=C(C(=C1F)F)C(=O)N)F)F
1135,C1=NC2=C(N1[C@H]3[C@@H]([C@@H]([C@H](O3)CO)O)O)N=C(N=C2N)F
1136,CC1=C2C=C(C=CC2=NN1)C3=CC(=CN=C3)OC[C@H](CC4=CNC5=CC=CC=C54)N
1137,C[C@H]1[C@H]([C@H]([C@@H](C(O1)O)O)O)O
1138,CCCCC/C=C/C=C\1/[C@H](C=CC1=O)C/C=C/CCCC(=O)O
1139,C1=CC=C2C(=C1)OC3=CC=CC=C3O2
1140,CCCCCCCCCCCCCCCC(=O)NCCO
1141,C1CN=C(N1)NC2=C(C3=NC=CN=C3C=C2)Br
1142,CCCCCCC(C)(C)C1=CC2=C([C@@H]3CC(=O)CC[C@H]3C(O2)(C)C)C(=C1)O
1143,CNC[C@@H](C1=CC(=CC=C1)O)O
1144,C1CC2=CC=CC=C2[C@@H]([C@H]1N)O
1145,CN1CCN(CC1)C2=CC=C(C=C2)C(=O)NC3=NNC4=CN(C=C43)C(=O)CC5=CC=CS5
1146,CC(C(C1=CC=CC=C1)O)N
1147,C1=C(C(=CC(=C1Cl)Cl)Cl)OCC#CI
1148,C[C@]12CC[C@H](C[C@@H]1CC[C@@H]3[C@@H]2CC[C@]4([C@H]3CCC4=O)C)O
1149,CC1=C(C=C(C=C1)C(=O)NC2CC2)C3=CC=C(C=C3)C(=O)NCC4CC4
1150,[OH-].[O-]P(=O)([O-])[O-].[O-]P(=O)([O-])[O-].[O-]P(=O)([O-])[O-].[Ca+2].[Ca+2].[Ca+2].[Ca+2].[Ca+2]
1151,[OH-].[Na+]
1152,C1CCC(CC1)COC2=NC(=NC3=C2NC=N3)NC4=CC=C(C=C4)S(=O)(=O)N
1153,CN1C2=C(C(=O)N(C1=O)C)NC=N2.CN1C2=C(C(=O)N(C1=O)C)NC=N2.C(CN)N
1154,CC1=CN(C(=O)NC1=O)[C@H]2CC[C@H](O2)COP(=O)(O)O
1155,C1CC(=C(C1)C(=O)O)C(=O)NC2=C(C=C(C=C2F)C3=CC(=CC=C3)OC(F)(F)F)F
1156,C1CCC(CC1)C2=C3C(=NN2)C4=C(C3=O)C(=CC=C4)NC(=O)CN5CCC(CC5)CN
1157,C(C(=O)O)N(CC(=O)O)CC(=O)O
1158,C1=CC(=CC(=C1)[N+](=O)[O-])[N+](=O)[O-]
1159,CS
1160,CC(=O)N[C@@H](CO)C(=O)O
1161,C1=CC=C(C(=C1)N)[N+](=O)[O-]
1162,C1=CNC2=CC(=C(C=C21)C(=O)O)NC(=O)C(=O)O
1163,COCCOC1=C(C=C2C3=CC(=NC(=C3C=NC2=C1)N)N4C=CN=C4)OC
1164,C(C(=O)O)OP(=O)(O)O
1165,C(=O)(C(C(C(C(C(C(C(F)(F)F)(F)F)(F)F)(F)F)(F)F)(F)F)(F)F)O
1166,C1=C(C(=O)NC(=O)N1)I
1167,C1=CC(=C(C=C1[C@H](CN)O)O)O
1168,CC1=C(C=C(C=C1)O)NC2=C3C=CC(=CC3=NC=C2)C4=CSC(=N4)C=O
1169,CC1=CC=CC=C1CC(=O)NC2=CC(=C(C(=C2)C)S(=O)(=O)NCC(=O)O)C
1170,CC1=CC=CC=C1C(C2=CC=CC=C2)OCCN(C)C
1171,C[C@H](CC1=CC2=C(C(=C1)C(=O)N)N(CC2)CCCO)NCCOC3=CC=CC=C3OCC(F)(F)F
1172,CC1=NC(=O)C2=C(N1)C(=CC=C2)O
1173,CNC(=NC)NCCC[C@@H](C(=O)O)N
1174,C1=C(C=C(C(=C1I)O)I)C[C@@H](C(=O)O)N
1175,CNCCCN1C2=CC=CC=C2CCC3=CC=CC=C31
1176,C1=CC(=C(C=C1C(=O)O)O)O
1177,CC=C(C)C=CC=C(C)C=CC1=C(CCCC1(C)C)C
1178,CC(=O)CCC(=O)[O-].CC(=O)CCC(=O)[O-].[Ca+2]
1179,C1=CC(=C(C=C1/C=C/C2=CC(=CC(=C2)O)O)O)O
1180,C1=CC=C(C=C1)OC2=CC=C(C=C2)C(=O)NCC3=CC=CC=N3
1181,C(=O)[O-]
1182,CCCN
1183,C1C(C(C(C(C1N)OC2C(C(C(C(O2)CN)O)O)O)O)OC3C(C(C(C(O3)CO)O)N)O)N
1184,COCC1=C2C(=CC(=C1)O)[C@@H]3CC(C[C@@H]3[C@@H](O2)C4=CC=C(C=C4)O)(F)F
1185,C1C[C@@H]2N(C1)C(=O)C3=CC4=C(C=C3O2)OCCO4
1186,C[C@]12CC[C@H](C[C@H]1CC[C@@H]3[C@@H]2CC[C@]4([C@H]3CCC4=O)C)O
1187,C1CC2=C(C1)N(C(=O)NC2=O)C[C@@H](C(=O)O)N
1188,C1=CC=C2C(=C1)C(=O)/C(=C/3\C4=C(C=CC(=C4)Br)NC3=O)/N2
1189,CC(=O)[O-].CC(=O)[O-].[Zn+2]
1190,C[C@]12CC[C@H]3[C@H]([C@@H]1CC[C@]2(C#C)O)CCC4=CC(=O)CC[C@H]34
1191,C(CCN)CC(C(=O)O)N
1192,CCCOC(=O)C1=CC(=C(C(=C1)O)O)O
1193,C1COCCN1C2=CC(=CC(=C2)C(=O)NC3=CC4=C(C=C3)NC=C4CCC5=CC=NC=C5)F
1194,C(CN(CC(=O)O)CC(=O)O)N(CCN(CC(=O)O)CC(=O)O)CC(=O)O
1195,C(=O)(C(=O)[O-])[O-].[Na+].[Na+]
1196,CCN1C=NC2=C1N=CN=C2N
1197,C1=C(C=C(C(=C1Cl)O)SC2=CC(=CC(=C2O)Cl)Cl)Cl
1198,CC(C)C[C@H]([C@@H](C(=O)NO)O)C(=O)N[C@H](C(=O)NC)C(C)(C)C
1199,C1=CC=C(C(=C1)NC(=O)C2=CC(=CC=C2)[N+](=O)[O-])OC3=CC(=C(C=C3)C(=O)O)C(=O)O
1200,CN(C)CCCN1C2=CC=CC=C2CCC3=C1C=C(C=C3)Cl
1201,C[C@@H]1C[C@H]2CN1CCN3C(=O)C4=C(N3)C(=CC=C4)C5=NC6=C(C=CC=C6O2)NC5=O
1202,CN1CCN(CC1)S(=O)(=O)C2=CC3=C(C[C@@H](NS3(=O)=O)C4CCCC4)C=C2
1203,C1[C@H]2[C@@H]([C@@H](S1)CCCCC(=O)O)NC(=O)N2
1204,CC[N+]1=C(C(=C(C(=C1C)C(=O)OC(C)C)C2=CC=CC=C2Cl)C(=O)O)C(=O)O
1205,C1CC1NC2=NC=CC(=N2)C3=C4C=CC=NN4N=C3
1206,C1=CN(C(=O)NC1=O)[C@H]2[C@@H]([C@@H]([C@H](O2)COP(=O)(O)O)O)O
1207,CN(C)CCOC(C1=CC=C(C=C1)Cl)C2=CC=CC=N2
1208,CC1=CC=C(C=C1)C(=O)C(C)CN2CCCCC2
1209,C1=CC(=C(C(=C1)Cl)C2=C3C=CC(=NN3C=NC2=O)SC4=C(C=C(C=C4)F)F)Cl
1210,CCCCCC[C@H]([C@H](C)O)N1C=NC2=C1N=CN=C2N
1211,CC1=C(N=C2C=CC(=CC2=C1C(=O)O)F)C3=CC=C(C=C3)C4=CC=CC=C4F
1212,C(=O)(C(=O)O)N
1213,C1=CC=C2C(=C1)C=CC=N2
1214,CC1([C@@H](N2[C@H](S1)[C@@H](C2=O)NC(=O)[C@@H](C3=CC=CC=C3)N)C(=O)O)C
1215,C1[C@@H]2C[C@@H]2N([C@@H]1C#N)C(=O)[C@H](C34CC5CC(C3)CC(C5)(C4)O)N
1216,CCOC(=O)[C@H](CCC1=CC=CC=C1)N[C@@H](C)C(=O)N2[C@H]3CCC[C@H]3C[C@H]2C(=O)O
1217,C1=CC(=CC(=C1)O)CO
1218,C=C
1219,C[C@@]1(CCCN1)C2=NC3=C(C=CC=C3N2)C(=O)N
1220,CC(CC1=CC=CC=C1)N
1221,C1COCCN1CCNC2=CC\3=C(C=C2)ON/C3=C/4\C=C(C(=CC4=O)O)Cl
1222,COS(=O)(=O)O
1223,COCC(COC)N1C=CC2=C1C=CC3=C2C(=NC(=N3)N)N
1224,[O-]S(=O)S(=O)[O-]
1225,CC1=CN=C(N=C1N)C
1226,C1=CC=C(C=C1)C2=CC=C(C=C2)CC(=O)O
1227,COC1=CC=C(C=C1)C2=C(N=C(N2)C3=CC=CS3)C4=CC=C(C=C4)OC
1228,C1=CC2=C(C(=O)N=C2C=C1)NC3=CC=C(C=C3)O
1229,C([C@H]([C@@H]1C(=O)C(=C(O1)O)O)O)O
1230,C(C(Cl)(Cl)Cl)(Cl)Cl
1231,CN1C2=C(C(=O)N(C1=O)C)NC=N2
1232,C1=CNC(=O)NC1=O
1233,C(CCN)CN
1234,CC1=CN(C(=O)NC1=O)[C@H]2C[C@@H]([C@H](O2)COP(=O)(O)O)S
1235,C1=CC(=CC=C1C2=CC3=C(C=C2)C(=C(C=C3)O)Cl)O
1236,C(CCN)CCN
1237,C1CC(CNC1)C(=O)O
1238,COCC1=C2C(=CC(=C1)O)[C@@H]3CCC[C@@H]3[C@@H](O2)C4=CC=C(C=C4)O
1239,C[C@]12CCC(=O)C=C1CC[C@@H]3[C@@H]2[C@H](C[C@]4([C@H]3CC[C@@]4(C(=O)CO)O)C)O
1240,C1=CC=C(C=C1)C2=CN3C(=CN=C3C(=C2)NCC4=CN=CN=C4)Br
1241,C(C(CC(=O)O)O)C(=O)O
1242,C1CCC(CC1)C(=O)O
1243,C1=CN(C(=O)NC1=O)[C@H]2[C@@H]([C@@H]([C@H](O2)COP(=O)(O)OP(=O)(O)O[C@@H]3[C@@H]([C@H]([C@@H]([C@H](O3)CO)O)O)O)O)O
1244,C1=CC(=C(C=C1C[C@@H](C(=O)O)N)O)O
1245,CCNC(C)CC1=CC(=CC=C1)C(F)(F)F
1246,CN(C)CCN(CC1=CC=CC=C1)C2=CC=CC=N2
1247,COC1=NC=C(C=C1)C2=CC(=NC=N2)N3C[C@@H]([C@H](C3)N)C4=CC(=C(C=C4F)F)F
1248,C1=CC=C(C=C1)C(C(=O)O)O
1249,C1CN=C(N1)NC2=C(C=C(C=C2Cl)N)Cl
1250,COC1=CC=CC=C1C2=CC=C(O2)C(=O)O
1251,CCCCCCC(=O)O[C@H]1CC[C@@H]2[C@@]1(CC[C@H]3[C@H]2CCC4=CC(=O)CC[C@]34C)C
1252,CCCCN1CCCCC1C(=O)NC2=C(C=CC=C2C)C
1253,C1=CC=C2C(=C1)C=CC(=O)O2
1254,C1=C(C=C(C(=C1[N+](=O)[O-])Cl)[N+](=O)[O-])[N+](=O)[O-]
1255,C1=CC=C(C=C1)CCC(=O)NC2=CC3=C(C=C2)C=CN3CC[C@H](CO)N4C=C(N=C4)C(=O)N
1256,C1CN(CC1(F)F)C(=O)[C@@H]2C[C@@H](CN2)N3CCN(CC3)C4=NC=CC=N4
1257,CC(=O)NC1=C(NN=C1)C(=O)NC2=CC=C(C=C2)F
1258,CC1=C2C=CN(C2=CC=C1)[C@H]3C[C@@H]([C@H](O3)COP(=O)(O)O)O
1259,C(C(CO[N+](=O)[O-])O[N+](=O)[O-])O[N+](=O)[O-]
1260,CCCCCCCCCCCCCC(=O)OC(C)C
1261,COC(=O)CCC(=O)OC
1262,CC(C)[C@@H](C(=O)N1CCCC1)N
1263,C(C(C(C(C(=O)CO)O)O)O)O
1264,C1=C(C(=O)NC(=O)N1[C@H]2[C@@H]([C@@H]([C@H](O2)CO)O)O)F
1265,C1=CC=C(C(=C1)C=O)C=O
1266,C(C[C@@H](C(=O)O)N)CN=C(N)N
1267,[K+].[I-]
1268,C1CN(C[C@@H](N1)CC2=CC=CC=C2)C3=NN=C(C(=C3)C4=CC=NC=C4)C5=CC6=CC=CC=C6C=C5
1269,C1=NC2=C(C(=N1)N)N=CN2C3C(C(C(O3)COP(=O)(O)OC(=O)C(CO)N)O)O
1270,C1=CC2=C(C=CC(=C2)C(F)(F)P(=O)(O)O)C=C1C(=O)N[C@@H](CCC(=O)O)C(=O)N
1271,CC1=C(N2C(C(C2=O)NC(=O)C(C3=CC=CC=C3)N)SC1)C(=O)O
1272,CC(C)[C@H](CO)NC1=NC2=C(C(=N1)NC3=CC(=CC=C3)Cl)N=CN2C(C)C
1273,C1=CN(C(=O)N=C1N)[C@H]2[C@H]([C@@H]([C@H](O2)CO)O)O.Cl
1274,COC1=CC(=C(C=C1CCN)OC)Br
1275,CCCCCCCCCCCCCCCCCCOCC(COP(=O)([O-])OCC[N+](C)(C)C)OC
1276,CC1(C(=O)N2C(C(=O)N3CCCC3C2(O1)O)CC4=CC=CC=C4)NC(=O)C5CN(C6CC7=CNC8=CC=CC(=C78)C6=C5)C
1277,CCCCC(C=O)NC(=O)C(CC(C)C)NC(=O)C(CC(C)C)NC(=O)C
1278,C1C[C@H](N(C1)C(=O)CNC23CC4CC(C2)CC(C4)(C3)O)C#N
1279,CC1=CC=C(CC1)C(C)C
1280,C1=CC=C(C=C1)CCC(=O)O
1281,C=C(C(=O)O)OP(=O)(O)O
1282,C1CCC(CC1)N
1283,CC(C)(C1=CC=C(C=C1)C(CCCN2CCC(CC2)C(C3=CC=CC=C3)(C4=CC=CC=C4)O)O)C(=O)O
1284,CC1=CC2=C(S1)C3=C(N2C)C(=O)N(N=C3)CC4=CC=CC=C4F
1285,CCOC(=O)C1=C(N(N=C1C)C2=CC=C(C=C2)N)C
1286,CC(C)I
1287,C(CCl)N(CCCl)CCCl
1288,C[C@@H](C(=O)C1=CC=CC=C1)N
1289,C[C@H](CC1=CC=C(C=C1)OC)NC[C@@H](C2=CC(=C(C=C2)O)NC=O)O
1290,CCC1=C(C(=NC(=N1)N)N)C2=CC=C(C=C2)Cl
1291,C12=C(NC(=O)N1)NC(=O)NC2=O
1292,C1=C(C(=CC(=C1Cl)O)Cl)O
1293,CC1=C2[C@H](C(=O)[C@@]3([C@H](C[C@@H]4[C@]([C@H]3[C@@H]([C@@](C2(C)C)(C[C@@H]1OC(=O)[C@@H]([C@H](C5=CC=CC=C5)NC(=O)C6=CC=CC=C6)O)O)OC(=O)C7=CC=CC=C7)(CO4)OC(=O)C)O)C)OC(=O)C
1294,C[C@H]1C[C@H]2[C@@H]3CCC4=CC(=O)C=C[C@@]4([C@]3([C@H](C[C@@]2([C@]1(C(=O)CO)O)C)O)F)C
1295,C1=CC(=CC=C1CCCC(=O)O)N(CCCl)CCCl
1296,CP(=O)(O)O
1297,COC1=C(C=C(C=C1)O)NC(=O)NC(=O)C2=C(C=C(C=C2)F)Cl
1298,C[C@@H]([C@H](CCC1=C2C(=CC=C1)N=C(O2)C3=CC=C(C=C3)Cl)N4C=C(N=C4)C(=O)N)O
1299,CC(CCC(=O)NCCS(=O)(=O)O)[C@H]1CC[C@@H]2[C@@]1(CC[C@H]3[C@H]2[C@@H](C[C@H]4[C@@]3(CC[C@H](C4)O)C)O)C
1300,[HH]
1301,C([C@H]([C@@H]([C@@H]([C@H](CO)O)O)O)O)O
1302,CCCN(CCC)C1CCC2=C(C1)C=C(C=C2)O
1303,C1=CC(=C(C=C1[N+](=O)[O-])[N+](=O)[O-])F
1304,C1=CC(=CC(=C1)C(=O)O)C(=O)O
1305,CN1CCC[C@@H]1CCN2C=C(C3=CC=CC=C32)C4=C(C(=O)NC4=O)C5=CNC6=CC=CC=C65
1306,C1=CC(=C(C(=C1)O)N)C(=O)O
1307,C(C(COP(=O)(O)O)O)O
1308,C1=CC2=C(C=C1Cl)C=C(N2)C(=O)NCCOCCOCCNC(=O)C3=CC4=C(N3)C=CC(=C4)Cl
1309,C(C(=O)O)N=C(N)N
1310,C1=C(C=C(C(=C1I)OC2=CC(=C(C(=C2)I)O)I)I)CC(C(=O)O)N
1311,C[C@H](C1=NC(=NO1)C2=CC=C(C=C2)S(=O)(=O)C)[C@@H](C(=O)N3CCCC3)N
1312,CCCN=C(N)NCCCC(C(=O)O)N
1313,CCC1=NN(C(=O)N1CCOC2=CC=CC=C2)CCCN3CCN(CC3)C4=CC(=CC=C4)Cl
1314,C(C(CO)OP(=O)(O)O)O
1315,C1=CN(C(=O)NC1=O)C[C@@H](C(=O)O)N
1316,C1(=C(C2=NNN=C2C(=C1Br)Br)Br)Br
1317,CSCCC(=O)C(=O)O
1318,CC(CCCN)NC1=C2C(=CC(=C1)OC)C=CC=N2
1319,CC(C)(C)NS(=O)(=O)C1=CC=C(C=C1)C2=CN=C3C=CC=C(C3=C2)NC4=CC=CC=N4
1320,C1=C(C=C(C(=C1I)I)C(=O)O)I
1321,C[N+](C)(C)C[C@@H](CC(=O)[O-])O
1322,CCCCCCCCCCCC(CC1C(C(=O)O1)CCCCCC)OC(=O)C(CC(C)C)NC=O
1323,CNC(=O)[C@@H]1CC2=C(CN1C(=O)OCC3=CC=CC=C3)C=C(C=C2)NS(=O)(=O)O
1324,CCN1CCCC1CNC(=O)C2=C(C=CC(=C2)S(=O)(=O)N)OC
1325,C1CCC(C(C1)N)N
1326,[NH4+].[OH-]
1327,COC1=C(C=CC(=C1)C(C(=O)O)O)O
1328,CC1=CC2=C(C=C1)N(C3=C2CCCC3)C[C@H](CNC4CCCCC4)O
1329,COC(=O)C1=C([C@@H]2C(=C([C@H]1O2)C3=CC=C(C=C3)O)C4=CC=C(C=C4)O)C(=O)OC
1330,COCCOC1=C(C=C2C(=C1)C(=NC=N2)NC3=CC=CC(=C3)C#C)OCCOC
1331,CN(C)CCNC(=O)C1=C2C(=CC=C1)N=C3C=CC=C(C3=N2)Br
1332,CCCCCCC[N+](CC)(CC)CCCCC1=CC=C(C=C1)Cl
1333,C1C(=NO[C@@]12[C@@H]([C@H]([C@@H]([C@H](O2)CO)O)O)O)C3=CC=CC=C3
1334,CC(=O)OCC(=O)[C@H]1CC[C@@H]2[C@@]1(CC[C@H]3[C@H]2CCC4=CC(=O)CC[C@]34C)C
1335,CCN(CCCNC1=C2C=C(C=CC2=NC3=C1C=CC(=C3)Cl)OC)CCCl.Cl.Cl
1336,CC1=C2C=CC3=CC=CC=C3C2=C(C4=CC=CC=C14)C
1337,C1=CC(=C(C=C1O)O)C2=C3C=CC(=O)C=C3NN2
1338,CP(=O)(CC(=O)CC(=O)O)O
1339,CCOC(=O)[C@H](CCC1=CC=CC=C1)N[C@@H](C)C(=O)N2CC3(C[C@H]2C(=O)O)SCCS3
1340,CCCCCCCCCCCCSC1=NNN=C1C(=O)O
1341,CC1=NC=CN1CC2CCC3=C(C2=O)C4=CC=CC=C4N3C
1342,COP(=O)(OC)OC
1343,N=O
1344,C1=CC=C2C(=C1)C(=CN2)CCC(=O)O
1345,C1=NC2=C(C(=N1)N)N=CN2[C@H]3[C@@H]([C@@H]([C@H](O3)COP(=O)(O)OP(=O)(O)OP(=O)(O)OP(=O)(O)O)O)O
1346,C1[C@H]([C@@H](C2=CC=CC=C21)O)NC(=O)C3=CC4=C(N3)SC(=C4)Cl
1347,CCCCCCCC
1348,C1=CC(=C(C=C1F)F)C(CN2C=NC=N2)(CN3C=NC=N3)O
1349,C1CC(=O)CC(=O)C1
1350,C1=CC(=CC=C1C2=C(C(=O)C3=C(C=C(C=C3O2)O)O)O)O
1351,C[C@H](CO)O
1352,CCCCCCCCCCCC(=O)OCC
1353,CS(=O)(=O)C1=CC(=C(C=C1)C2=NOC(=N2)[C@@H](CC3CC3)[C@@H](C(=C4CCCC4)F)N)Cl
1354,CC[Hg]SC1=CC=CC=C1C(=O)O
1355,C(CCCN)CCCNC(N)N
1356,CC[C@@]1(C2=C(COC1=O)C(=O)N3CC4=CC5=CC=CC=C5N=C4C3=C2)O
1357,C1=CC(=CC=C1CC(C(=O)O)N)Cl
1358,CSCCC(C(=O)O)NC=O
1359,C1=CC(=NC=C1Cl)NC(P(=O)(O)O)P(=O)(O)O
1360,CN1CCN(CC1)CC/C=C\2/C3=CC=CC=C3SC4=C2C=C(C=C4)S(=O)(=O)N(C)C
1361,C(CNC(=O)N)C(=O)O
1362,CC1=NC=C(C(=C1O)C=O)CO
1363,CC1=CC2=C(C=C1C)N(C3=NC(=O)NC(=O)C3=N2)C[C@@H]([C@@H]([C@@H](CO)O)O)O
1364,C1=C(C=C(C(=C1O)O)O)C2=CC(=O)C3=C(C=C(C=C3O2)O)O
1365,C1[C@H]([C@@H]([C@H]([C@@H]([C@H]1N)O[C@@H]2[C@@H]([C@H]([C@@H]([C@H](O2)CN)O)O)O)O)O[C@@H]3[C@@H]([C@H]([C@@H]([C@H](O3)CO)O)N)O)N
1366,C(CS)C(C(=O)O)N
1367,C1=C(C=C(C(=C1Cl)O)Cl)C2=CC(=C(C(=C2)Cl)O)Cl
1368,C(C(C(=O)O)NC(=O)N)C(=O)O
1369,C([C@H](C=O)O)OP(=O)(O)O
1370,C[C@]12CCC3=C([C@@H]1CC[C@@]2(C)O)C=CC4=C3C=CC(=C4)O
1371,C1=CN(C(=O)N=C1N)C2C(C(C(O2)COP(=O)(O)OP(=O)(O)OC3C(C(C(C(O3)CO)O)O)O)O)O
1372,CCC/C(=C/C1=CC=C(O1)C2=CC(=CC=C2)C(=O)O)/[N+](=O)[O-]
1373,C1=C(C=C(C=C1[N+](=O)[O-])[N+](=O)[O-])[N+](=O)[O-]
1374,COC(=O)C1=C(C=CC=C1OC/C=C/C2=CC=CC(=C2)C3=C(C(=NO3)C(=O)O)CO)O
1375,CCCCCO
1376,CCCCO
1377,CN1C2=C(C(=N1)C3=CC4=CC=CC=C4C=C3)C(=NC=N2)N
1378,C/C=C(/C(=O)O)\NC
1379,C1CC(=O)OC1=O
1380,C1=CC=C(C(=C1)/C=N/OCCC(=O)O)C(F)(F)F
1381,CC1([C@@H](N2[C@H](S1)[C@@H](C2=O)NC(=O)C3=C(C=CC=C3OC)OC)C(=O)O)C
1382,C1C2C(C(C(O2)N3C4=C(C(=NC=N4)N)N=C3Br)O)OP(=O)(O1)[O-]
1383,C1CCC(CC1)COC2=NC(=NC3=C2NC=N3)NC4=CC(=CC=C4)Cl
1384,CC(CC(C)(C)O)O
1385,CCCCCCCCCCOC[C@@H](COCC(F)(F)F)OP(=O)(O)OC
1386,C(CN)CN
1387,C1CCC2=C(CC1)C(=O)OC3=C2C=CC(=C3)OS(=O)(=O)N
1388,C1COC1=O
1389,CCOC(=O)N1CCC(=C2C3=C(CCC4=C2N=CC=C4)C=C(C=C3)Cl)CC1
1390,C1CN(CCC1NCC2=CC=CC=C2O)S(=O)(=O)NC3=CC(=CC=C3)OC4=CC=C(C=C4)F
1391,C1CCC(CC1)COC2=NC(=NC3=C2NC=N3)NC4=CC=C(C=C4)S(=O)(=O)CCNCCCO
1392,C1=CC=NC(=C1)NS(=O)(=O)C2=CC=C(C=C2)N
1393,CC1=CC=CC=C1[C@H]2CCCN2C(=O)C3=C(C=C(C=C3)O)O
1394,C[C@H](C1=CC=CC=C1Cl)OC2=C(SC(=C2)N3C=NC4=CC(=C(C=C43)OC)OC)C(=O)N
1395,C1(C(C(C(=O)C(C1O)O)O)O)O
1396,C(C(CC(=O)O)C(=O)O)C(=O)O
1397,CCN1C(=O)CCC1=O
1398,C=CC#N
1399,C1=CC(=C(C=C1OCCCC(=O)O)Cl)NC(=O)NC(=O)C2=C(C=C(C=C2)Cl)Cl
1400,C1CN=C(N1)CC2=CC=CC3=CC=CC=C32
1401,COC1=C(C=C2C(=C1)C(=NC(=N2)N3CCN(CC3)C(=O)C4=CC=CO4)N)OC
1402,CN1C2CCCC1CC(C2)NC(=O)C3=NN(C4=CC=CC=C43)C
1403,C1=CSC(=C1)C[C@@H](C(=O)O)N
1404,CC1=CC(=C(C=C1)O)O
1405,C1OC2=C(O1)C(=C(C=C2)Cl)NC3=NC(=NC=C3)NC4=CC(=CC=C4)S(=O)(=O)N
1406,CN(C)CCOC(C1=CC=CC=C1)C2=CC=CC=C2
1407,C[C@H]1C[C@H]2[C@@H]3CC[C@@]([C@]3(C[C@@H]([C@@H]2[C@@]4(C1=CC(=O)C=C4)C)O)C)(C(=O)COC(=O)C)O
1408,C1CCC(CC1)CCCCCO[C@H]2[C@@H]([C@H]([C@@H]([C@H](O2)CO)O[C@@H]3[C@@H]([C@H]([C@@H]([C@H](O3)CO)O)O)O)O)O
1409,CC(=O)OC1=CC=C(C=C1)C(=C2CCCCC2)C3=CC=C(C=C3)OC(=O)C
1410,C[C@]1([C@@H]([C@H]([C@@H]([C@H](O1)CO)O)O)O)OP(=O)(O)O
1411,CCCCC(CC)COC(=O)CCCCC(=O)OCC(CC)CCCC
1412,C/C=C(\C)/CC/C=C(\C)/CCC=C(C)C
1413,CC(C)C1=C(C(=CC=C1)C(C)C)O
1414,C1=CC2=C(C(=C1)C(=O)O)OC3=C2C=CC=C3C(=O)O
1415,C(CC(=O)O)C(C(=O)O)O
1416,CS(=O)(=O)NC1=CC=CC(=C1)NC2=NC=CC(=N2)NC3=C(C=CC4=C3OCO4)Cl
1417,C1=NC2=C(N1)C(=O)N=C(N2)N
1418,C1=CC=C2C(=C1)C=C3C=CC=CC3=N2
1419,CC[C@@]12CCCN3[C@@H]1C4=C(CC3)C5=CC=CC=C5N4[C@](C2)(C(=O)OC)O
1420,C[N+](C)(C)CCC(=O)C1=CC=CC2=CC=CC=C21
1421,C1=NC2=C(N1COC(CO)CO)NC(=NC2=O)N
1422,C(C(C(=O)O)N)OP(=O)(O)O
1423,CC(CC1=CC=C(C=C1)O)N
1424,C[C@@H](CCCC(C)(C)OC)C/C=C/C(=C/C(=O)O)/C
1425,C[C@@H]1CCN(C[C@@H]1N(C)C2=NC=NC3=C2C=CN3)C(=O)CC#N
1426,C1CNC(=O)C2=NC(=C[C@H]2[C@H]1C3=NC(=NC3=O)N)Br
1427,COC1=CC=CC(=C1)C2=CC(=C(C=C2)NC(=O)C3=C(SC=C3)C(=O)O)F
1428,C1CN(CC2=C1N=CN2)C3=NC=NC4=C3C(=CN4)Cl
1429,C(CCCCC(=O)O)CCCC(=O)O
1430,C[C@@H](C1=CC=CN1)C2=C3C=C(C=CC3=NC2=O)O
1431,CC(=O)C(=O)C
1432,CC1=NC(=NN1C2=CC(=CC(=C2)Cl)Cl)C(=O)O
1433,O[W](=O)(=O)O
1434,C[C@]12C[C@@H]([C@H]3[C@H]([C@@H]1CC[C@@]2(C(=O)CO)O)CCC4=CC(=O)C=C[C@]34C)O
1435,CC1=C(N2C=CC=CC2=N1)C3=NC(=NC=C3)NC4=CC=C(C=C4)OC[C@H](CN(C)C)O
1436,C(C(C(=O)O)O)(C(=O)O)O
1437,CC(=O)NC1=CC=C(C=C1)O
1438,C(C(C(=O)O)S)C(=O)O
1439,CC(=O)N[C@@H](CC1=CC=C(C=C1)OC2=CC(=C(C(=C2)[N+](=O)[O-])O)[N+](=O)[O-])C(=O)O
1440,CC1=C(N2C(C(C2=O)NC(=O)C(C3=CC=C(C=C3)O)N)SC1)C(=O)O
1441,CC1=NN(C2=C1C(=O)C3=C(N2O)C=CC(=C3)Cl)C
1442,C[C@H](CCC(=O)O)[C@H]1CC[C@@H]2[C@@]1(C(=O)C[C@H]3[C@H]2C(=O)C[C@H]4[C@@]3(CCC(=O)C4)C)C
1443,C1CCC(CC1)COC2=NC(=NC3=C2NC=N3)NC4=CC=C(C=C4)O
1444,C1=CC=C(C=C1)C(=O)C(=O)O
1445,[OH-].[K+]
1446,CC(=NCCCCC(C(=O)O)N)N
1447,CCCCCC
1448,C1=CC=C(C=C1)CCNN
1449,CC(=C)C1CCC(=CC1)C(=O)O
1450,CCCCN1C(=NC2=C1N=C(N=C2N)F)CC3=C(C=CC(=C3)OC)OC
1451,CCC1=C(C(=NC(=N1)N)N)C#CCC2=C(C=CC(=C2)OC)OC
1452,C1=CC(=CC=C1C2=COC3=C(C2=O)C=CC(=C3)O[C@H]4[C@@H]([C@H]([C@@H]([C@H](O4)CO)O)O)O)O
1453,CC(=O)OCC(=O)[C@]1(CC[C@@H]2[C@@]1(CC(=O)[C@H]3[C@H]2CCC4=CC(=O)CC[C@]34C)C)O
1454,CCC1=C(C2=C(O1)C=C(C=C2)S(=O)(=O)NC3=CC=C(C=C3)S(=O)(=O)N)C(=O)C4=CC(=C(C(=C4)Br)O)Br
1455,C[C@H](CCCC(C)C)[C@H]1CC[C@@H]2[C@@]1(CC[C@H]3[C@H]2CC[C@@H]4[C@@]3(CC[C@@H](C4)O)C)C
1456,CC1=NC(=NO1)C(CC2=CC=CC=C2)(CC3=CC=C(C=C3)NS(=O)(=O)O)C4=NOC(=N4)C
1457,CC/C(=C(/CC)\C1=CC=C(C=C1)O)/C2=CC=C(C=C2)O
1458,C1[C@@H]([C@H](O[C@H]1N2C=NC3=C2NC(=NC3=O)N)COP(=O)(O)O)O
1459,CCC1=CN=C(C=C1)CCOC2=CC=C(C=C2)CC3C(=O)NC(=O)S3
1460,COC1=C(C=C2C(=C1)N=CN=C2NC3=CC(=C(C=C3)F)Cl)OCCCN4CCOCC4
1461,C1=CC=C2C(=C1)C=CC(=N2)COC3=CC=C(C=C3)C4=C(C=NN4)C5=CC=NC=C5
1462,CC(C)C1=CC=CC=C1
1463,CC(C)(CO)C(=O)C(=O)O
1464,C(CSSCCO)O
1465,CC1=C(C=C(C(=O)N1)C#N)C2=CC=NC=C2
1466,C=CC1=CC(=CC2=C1O/C(=C/3\C=CC(=O)C(=C3)F)/N2)O
1467,CC(=CCC/C(=C/CC/C(=C/COP(=O)(O)OP(=O)(O)O)/C)/C)C
1468,CCCC[C@@]12CCC(=O)C(=C1C3=C(C2)C=C(C=C3)O)Br
1469,CN1C=NC2=C1C(=O)N(C(=O)N2C)C
1470,CC(C(=O)NCC(=O)O)S
1471,C(CCCC(=O)O)CCCC(=O)O
1472,CC(CC(=O)C(=O)O)O
1473,C(#N)S
1474,CC(C)(C)C1=C(C(=CC(=C1)C=C(C#N)C#N)Br)O
1475,C1=CC=C2C(=C1)C(=CN2)C[C@@H](C(=O)N)N
1476,C1=CC=C2C(=C1)C=CN2
1477,CC(=O)NCCCNCCCCN
1478,CC1=CC=CC(=N1)C2=NC3=CC=CC=C3C(=N2)NC4=CC5=C(C=C4)NN=C5
1479,C1=CC(=C(C=C1I)Cl)NC2=C(C=CC(=C2F)F)C(=O)NOC[C@@H](CO)O
1480,C1=CC=C(C=C1)C2=CC3=C(C=NN3C(=C2)NCC4=CN=CN=C4)Br
1481,COC1=CC=C(C=C1)S(=O)(=O)N2CCN(C[C@@H]2C(=O)NO)C(=O)OCC3=CC=CC=C3
1482,CCO[C@@H](CC1=CC2=C(C=C1)N(C=C2)CC3=C(OC(=N3)C4=CC=CC=C4Cl)C)C(=O)O
1483,CCC1=C(C(=NC(=N1)N)N)C2=CC=CC=C2
1484,C1=CC(=CC=C1C#N)C2=CC=C(C=C2)OCCC(=O)NO
1485,C[Hg+]
1486,C1(C(C(C(C(C1OP(=O)(O)O)O)OP(=O)(O)O)OP(=O)(O)O)O)O
1487,CCCCCCCCCCCCCC(=O)SCCNC(=O)CCNC(=O)C(C(C)(C)COP(=O)(O)OP(=O)(O)OCC1C(C(C(O1)N2C=NC3=C2N=CN=C3N)O)OP(=O)(O)O)O
1488,C1=CC=C2C(=C1)C(=CN2)CCN
1489,C1(C(C(C(C(C1O)O)O)O)O)O
1490,C1[C@@H]([C@H](CN(C1=O)CCC2=CC3=C(C=C2)OCO3)N)C4=CC(=C(C=C4F)F)F
1491,CC(C)N1C2=CC=CC=C2C(=C1CC[C@H](C[C@H](CC(=O)O)O)O)C3=CC=C(C=C3)F
1492,C1CC(C(OC1CN)OC2C(CC(C(C2O)OC3C(C(C(C(O3)CO)O)N)O)N)N)N
1493,C(=O)(N)[O-]
1494,CC1=NC2=C(N1)CCN(C3=CC=CC=C32)C(=O)C4=CC=C(C=C4)NC(=O)C5=CC=CC=C5C6=CC=CC=C6
1495,CCCN1C2=C(C(=O)N(C1=O)CCC)NC(=N2)C3CCCC3
1496,CCN(CC)CCOC(=O)C1(CCCCC1)C2CCCCC2
1497,C1=CC=C(C=C1)SC2=CC=CC3=C2C(=NC(=N3)N)N
1498,C1=CC(=C(C=C1C(F)(F)F)N=C(N)N=C(N)N)Cl
1499,CC1=NC(=NC2=C1CSCC2)N
1500,CNCCCC1C2=CC=CC=C2C=CC3=CC=CC=C13
1501,C(C(=O)O)(C(=O)O)N
1502,CC(=O)OCC(C(=O)O)N
1503,C1=C(C=C2C(=C1O)C(=O)/C(=C/C3=CC(=C(C(=C3O)Br)O)Br)/O2)O
1504,CN(CCCNC(=O)C1CCCO1)C2=NC3=CC(=C(C=C3C(=N2)N)OC)OC
1505,C1=CC=C(C=C1)[C@@H](CN)NC(=O)C2=CC=C(S2)C3=C4C=CNC4=NC=C3
1506,C[C@]12CC[C@H]3[C@H]([C@@H]1CC[C@]2(C)O)CC[C@@H]4[C@@]3(COC(=O)C4)C
1507,C1=CC(=CC=C1C(=O)N[C@@H](CCC(=O)O)C(=O)O)NCC2=CN=C3C(=N2)C(=O)N=C(N3)N
1508,CCCCC
1509,CCCCCCCCCCCCCCCCS(=O)(=O)O
1510,CN1C2=C(CCC3=CN=C(N=C32)NC4=CC=CC=C4)C(=N1)C(=O)O
1511,CC(C)[N+](=O)[O-]
1512,C(CC(=O)O)CN=C(N)N
1513,C1=CC(=C(C=C1C2=C(C=C(C=C2)F)F)C(=O)O)O
1514,C1=CC2=C(C=CC(=C2)C(=O)O)C=C1C(=O)O
1515,C[N+](C)(C)CCCC(=O)O
1516,COC1=CC=CC(=C1)C2=NC3=C(C=CC=C3N2)C(=O)N
1517,C(CC(=O)O)C=O
1518,C(C(C=O)O)O
1519,CN1CCN(CC1)CCCN2C3=CC=CC=C3SC4=C2C=C(C=C4)S(=O)(=O)N(C)C
1520,C[C@H](CCC(=O)O)[C@H]1CC[C@@H]2[C@@]1([C@H](C[C@H]3[C@H]2[C@@H](C[C@H]4[C@@]3(CC[C@H](C4)O)C)O)O)C
1521,CC[C@H](C)C(=O)O[C@H]1C[C@H](C=C2[C@H]1[C@H]([C@H](C=C2)C)CC[C@H](C[C@H](CC(=O)O)O)O)C
1522,C=CC1=CC=CC=C1
1523,C1=CC(=CC(=C1)Br)C2=CC(=[N+]3C(=N2)C=CN3)NCC4=CC=NC=C4
1524,CC1=C2C(=NC(=NC2=NC=C1CC3=C(C=CC(=C3)OC)OC)N)N
1525,CC(C)(C)C1=CC(=C(C=C1O)C(C)(C)C)O
1526,CC1=C(C(=NC(=N1)N)N)C#C[C@@H](C)C2=CC(=C(C=C2)C3=CC=CC=C3)OC
1527,C(C=O)C(C(CO)O)O
1528,C1=CC(=C(C=C1[N+](=O)[O-])OS(=O)(=O)O)O
1529,C1=CC=C(C(=C1)C(=O)O)NC2=CC=CC(=C2)C(F)(F)F
1530,C1=CC=C2C(=C1)NC(=N2)NCC3=CC=C(S3)C4=CSC(=N4)N=C(N)N
1531,CCCCCCCCCCCCCCCC=O
1532,C1C[C@H]2[C@@H](C1)C3=C(C=CC(=C3)O)O[C@H]2C4=CC=C(C=C4)O
1533,CCCCCCCCN[C@@H]1C=C([C@H]([C@@H]([C@H]1O)O)O)CO
1534,CC(C)(C)C1=CC(=C(C=C1)O)O
1535,C(C(Cl)(Cl)Cl)O
1536,CC(C)(C)NC1=NC(=NC2=C1C=C(C=C2)C3=CC(=CC=C3)N)C(F)(F)F
1537,C([C@@H]1[C@H]([C@@H]([C@H](C(=O)O1)O)O)O)O
1538,CC(CC1=CC(=C(C=C1)O)O)C(C)CC2=CC(=C(C=C2)O)O
1539,CC1=CC(=CC(=C1CC2=CC(=C(C=C2)O)CC3=CC=CC=C3)C)OCC(=O)O
1540,C(C(=O)N)I
1541,C1=CC=C(C(=C1)C(=O)O)NC(=O)C(=O)O
1542,CC(C)CCN
1543,C[N+](C)(C)CCO
1544,CC1=CC[C@]2(C[C@@H]1[C@H](OC2)C3=CC=C(C=C3)O)CO
1545,CC(C)C[C@@H](CN1CCCN2[C@H]1CCC2)N
1546,CC(C(CC(=O)O)C(=O)O)(C(=O)O)O
1547,C1CN(CC2=C1SC=C2)CC3=CC=CC=C3Cl
1548,CN(C)C[C@H](COC1=CC=C(C=C1)NC2=CC(=NC=N2)NC3=C(C=CC=C3F)F)O
1549,C1CCC(CC1)NC2=NC(=NC3=C2NC=N3)NC4=CC=C(C=C4)N5CCOCC5
1550,CC1=C(C(=O)C2=CC=CC=C2C1=O)CCCCCC(=O)O
1551,CC(=O)NCCC1=CNC2=CC(=C(C=C21)OC)Cl
1552,C1CC1C2=CC(=NN2)NC(=O)C3=CC=CC=C3
1553,C1C[C@@H]([C@H](C[C@H]1N2CCN3C(=NN=C3C(F)(F)F)C2)N)C4=CC(=C(C=C4F)F)F
1554,CN(C)C[C@H](COC1=CC=C(C=C1)NC2=CC(=NC=N2)NC3=C(C=CC(=C3)C(F)(F)F)F)O
1555,COC1=CC(=CC(=C1OC)OC)NC2=NC=CC(=N2)NC3=C(C=CC4=C3OCO4)Cl
1556,[O-][As]([O-])[O-]
1557,C1C[C@H](NC1)C2=CC(=NN2)NC(=O)NC3=CC=CC4=C3[C@@H]5CCCN5C4=O
1558,CN(C1CCCCC1)C2=NC=CC(=N2)C3=CN=C4N3C=CC=C4
1559,CC1=C(OC2=C(C1=O)C=C(C=C2)O)C3=CC(=C(C(=C3)Br)O)Br
1560,CCOC(=O)[C@H](CC1=CC=CC=C1)NC(=O)[C@@H]2CSCCN2S(=O)(=O)C3=CC=C(C=C3)C
1561,C(=O)(C(F)(F)F)OC(=O)C(F)(F)F
1562,C1C(=O)NS(=O)(=O)N1C2=CC=CC=C2
1563,CCC(=O)C1=CC=CC=C1
1564,C[C@@]\1(C2=CC=CC=C2N/C1=C\3/C4=C(C=CC(=C4)S(=O)(=O)N5CCC(CC5)O)NC3=O)O
1565,C1(C(C(C(C(C1OP(=O)(O)O)OP(=O)(O)O)O)OP(=O)(O)O)OP(=O)(O)O)O
1566,CC(=O)N[C@@H](CC1=CC=CC=C1)C(=O)N[C@@H](CC2=CC=C(C=C2)C(F)(F)P(=O)(O)O)C(=O)N
1567,C1=CC(=C(C=C1CNC2=NC3=C(N2[C@H]4[C@@H]([C@@H]([C@H](O4)CO)O)O)N=CN=C3N)Cl)Cl
1568,CC(C(=O)O)Cl
1569,C1[C@H](NO[C@@]12[C@@H]([C@H]([C@@H]([C@H](O2)CO)O)O)O)C3=CC4=CC=CC=C4C=C3
1570,C[C@]12CCC(=O)C(=C1CC[C@@H]3[C@@H]2CC[C@]4([C@H]3CCC4=O)C)O
1571,CN1CCC(CC1)OC(C2=CC=CC=C2)C3=CC=CC=C3
1572,COC1=CC=C(C=C1)S(=O)(=O)N2CCN(CC2)S(=O)(=O)C3=CC4=C(C=C3)OCCO4
1573,CC[C@H](CO)NC1=NC2=C(C=NN2C(=N1)NCC3=CC=CC=C3)C(C)C
1574,C1CCC(CC1)COC2=NC(=NC3=C2NC=N3)NC4=CC(=CC=C4)S(=O)(=O)N
1575,C[N+](C)(C)CCCCCC[N+](C)(C)C
1576,CC(=O)CC(=O)O
1577,C[C@H]1C=C([C@@H]2[C@@H]([C@]1(CO[C@@H]2C3=CC=C(C=C3)O)CO)C)C
1578,CC1=NC(=O)C2=C(N1)C=CC(=C2)CN(C)C3=CC=C(S3)C(=O)N[C@@H](CCC(=O)O)C(=O)O
1579,C1=CC=C(C=C1)CC(C(=O)O)N
1580,CCC1=C(NC2=C1C(=O)C(CC2)CN3CCOCC3)C
1581,CCC(=O)C(CC(C)N(C)C)(C1=CC=CC=C1)C2=CC=CC=C2
1582,C(C(=O)C(=O)O)S(=O)(=O)O
